20200703100403,PP BOX NG-001.bmp,100.0,50.1873,110.0,96.5827
20200703100403,PP BOX NG-002.bmp,100.0,38.5768,110.0,96.7078
20200703100403,PP BOX NG-003.bmp,100.0,45.3184,110.0,96.7681
20200703100404,PP BOX NG-004.bmp,100.0,39.3258,110.0,95.6988
20200703100404,PP BOX NG-005.bmp,100.0,55.0562,110.0,95.9472
20200703100404,PP BOX NG-006.bmp,100.0,56.9288,110.0,96.8791
20200703100404,PP BOX NG-007.bmp,100.0,43.8202,110.0,94.8538
20200703100404,PP BOX NG-008.bmp,100.0,41.573,110.0,96.3717
20200703100404,PP BOX NG-009.bmp,100.0,35.5805,110.0,95.9558
20200703100405,PP BOX NG-010.bmp,100.0,34.4569,110.0,95.6781
20200703100405,PP BOX NG-011.bmp,100.0,41.573,110.0,95.5736
20200703100405,PP BOX NG-012.bmp,100.0,59.176,110.0,97.2041
20200703100405,PP BOX NG-013.bmp,100.0,44.9438,110.0,96.131
20200703100405,PP BOX NG-014.bmp,100.0,45.3184,110.0,96.0392
20200703100405,PP BOX NG-015.bmp,100.0,46.4419,110.0,96.9656
20200703100406,PP BOX NG-016.bmp,100.0,47.191,110.0,96.7656
20200703100406,PP BOX NG-017.bmp,100.0,37.0787,110.0,96.7509
20200703100406,PP BOX NG-018.bmp,100.0,50.9363,110.0,97.2555
20200703100406,PP BOX OK-001.bmp,100.0,100.0,110.0,100.0
20200703100406,PP BOX NG-001.bmp,100.0,50.1873,110.0,96.5827
20200703100406,PP BOX NG-002.bmp,100.0,38.5768,110.0,96.7078
20200703100406,PP BOX NG-003.bmp,100.0,45.3184,110.0,96.7681
20200703100407,PP BOX NG-004.bmp,100.0,39.3258,110.0,95.6988
20200703100407,PP BOX NG-005.bmp,100.0,55.0562,110.0,95.9472
20200703100407,PP BOX NG-006.bmp,100.0,56.9288,110.0,96.8791
20200703100407,PP BOX NG-007.bmp,100.0,43.8202,110.0,94.8538
20200703100407,PP BOX NG-008.bmp,100.0,41.573,110.0,96.3717
20200703100407,PP BOX NG-009.bmp,100.0,35.5805,110.0,95.9558
20200703100407,PP BOX NG-010.bmp,100.0,34.4569,110.0,95.6781
20200703100408,PP BOX NG-011.bmp,100.0,41.573,110.0,95.5736
20200703100408,PP BOX NG-012.bmp,100.0,59.176,110.0,97.2041
20200703100408,PP BOX NG-013.bmp,100.0,44.9438,110.0,96.131
20200703100408,PP BOX NG-014.bmp,100.0,45.3184,110.0,96.0392
20200703100408,PP BOX NG-015.bmp,100.0,46.4419,110.0,96.9656
20200703100408,PP BOX NG-016.bmp,100.0,47.191,110.0,96.7656
20200703100409,PP BOX NG-017.bmp,100.0,37.0787,110.0,96.7509
20200703100409,PP BOX NG-018.bmp,100.0,50.9363,110.0,97.2555
20200703100409,PP BOX OK-001.bmp,100.0,100.0,110.0,100.0
20200703100409,PP BOX NG-001.bmp,100.0,50.1873,110.0,96.5827
20200703100409,PP BOX NG-002.bmp,100.0,38.5768,110.0,96.7078
20200703100409,PP BOX NG-003.bmp,100.0,45.3184,110.0,96.7681
20200703100409,PP BOX NG-004.bmp,100.0,39.3258,110.0,95.6988
20200703100410,PP BOX NG-005.bmp,100.0,55.0562,110.0,95.9472
20200703100410,PP BOX NG-006.bmp,100.0,56.9288,110.0,96.8791
20200703100410,PP BOX NG-007.bmp,100.0,43.8202,110.0,94.8538
20200703100410,PP BOX NG-008.bmp,100.0,41.573,110.0,96.3717
20200703100410,PP BOX NG-009.bmp,100.0,35.5805,110.0,95.9558
20200703100410,PP BOX NG-010.bmp,100.0,34.4569,110.0,95.6781
20200703100410,PP BOX NG-011.bmp,100.0,41.573,110.0,95.5736
20200703100411,PP BOX NG-012.bmp,100.0,59.176,110.0,97.2041
20200703100411,PP BOX NG-013.bmp,100.0,44.9438,110.0,96.131
20200703100411,PP BOX NG-014.bmp,100.0,45.3184,110.0,96.0392
20200703100411,PP BOX NG-015.bmp,100.0,46.4419,110.0,96.9656
20200703100411,PP BOX NG-016.bmp,100.0,47.191,110.0,96.7656
20200703100411,PP BOX NG-017.bmp,100.0,37.0787,110.0,96.7509
20200703100411,PP BOX NG-018.bmp,100.0,50.9363,110.0,97.2555
20200703100412,PP BOX OK-001.bmp,100.0,100.0,110.0,100.0
20200703100412,PP BOX NG-001.bmp,100.0,50.1873,110.0,96.5827
20200703100412,PP BOX NG-002.bmp,100.0,38.5768,110.0,96.7078
20200703100412,PP BOX NG-003.bmp,100.0,45.3184,110.0,96.7681
20200703100412,PP BOX NG-004.bmp,100.0,39.3258,110.0,95.6988
20200703100412,PP BOX NG-005.bmp,100.0,55.0562,110.0,95.9472
20200703100413,PP BOX NG-006.bmp,100.0,56.9288,110.0,96.8791
20200703100413,PP BOX NG-007.bmp,100.0,43.8202,110.0,94.8538
20200703100413,PP BOX NG-008.bmp,100.0,41.573,110.0,96.3717
20200703100413,PP BOX NG-009.bmp,100.0,35.5805,110.0,95.9558
20200703100413,PP BOX NG-010.bmp,100.0,34.4569,110.0,95.6781
20200703100413,PP BOX NG-011.bmp,100.0,41.573,110.0,95.5736
20200703100413,PP BOX NG-012.bmp,100.0,59.176,110.0,97.2041
20200703100414,PP BOX NG-013.bmp,100.0,44.9438,110.0,96.131
20200703100414,PP BOX NG-014.bmp,100.0,45.3184,110.0,96.0392
20200703100414,PP BOX NG-015.bmp,100.0,46.4419,110.0,96.9656
20200703100414,PP BOX NG-016.bmp,100.0,47.191,110.0,96.7656
20200703100414,PP BOX NG-017.bmp,100.0,37.0787,110.0,96.7509
20200703100414,PP BOX NG-018.bmp,100.0,50.9363,110.0,97.2555
20200703100414,PP BOX OK-001.bmp,100.0,100.0,110.0,100.0
20200703100415,PP BOX NG-001.bmp,100.0,50.1873,110.0,96.5827
20200703100415,PP BOX NG-002.bmp,100.0,38.5768,110.0,96.7078
20200703100415,PP BOX NG-003.bmp,100.0,45.3184,110.0,96.7681
20200703100415,PP BOX NG-004.bmp,100.0,39.3258,110.0,95.6988
20200703100415,PP BOX NG-005.bmp,100.0,55.0562,110.0,95.9472
20200703100415,PP BOX NG-006.bmp,100.0,56.9288,110.0,96.8791
20200703100415,PP BOX NG-007.bmp,100.0,43.8202,110.0,94.8538
20200703100416,PP BOX NG-008.bmp,100.0,41.573,110.0,96.3717
20200703100416,PP BOX NG-009.bmp,100.0,35.5805,110.0,95.9558
20200703100416,PP BOX NG-010.bmp,100.0,34.4569,110.0,95.6781
20200703100416,PP BOX NG-011.bmp,100.0,41.573,110.0,95.5736
20200703100416,PP BOX NG-012.bmp,100.0,59.176,110.0,97.2041
20200703100416,PP BOX NG-013.bmp,100.0,44.9438,110.0,96.131
20200703100417,PP BOX NG-014.bmp,100.0,45.3184,110.0,96.0392
20200703100417,PP BOX NG-015.bmp,100.0,46.4419,110.0,96.9656
20200703100417,PP BOX NG-016.bmp,100.0,47.191,110.0,96.7656
20200703100417,PP BOX NG-017.bmp,100.0,37.0787,110.0,96.7509
20200703100417,PP BOX NG-018.bmp,100.0,50.9363,110.0,97.2555
20200703100417,PP BOX OK-001.bmp,100.0,100.0,110.0,100.0
20200703100417,PP BOX NG-001.bmp,100.0,50.1873,110.0,96.5827
20200703100418,PP BOX NG-002.bmp,100.0,38.5768,110.0,96.7078
20200703100418,PP BOX NG-003.bmp,100.0,45.3184,110.0,96.7681
20200703100418,PP BOX NG-004.bmp,100.0,39.3258,110.0,95.6988
20200703100418,PP BOX NG-005.bmp,100.0,55.0562,110.0,95.9472
20200703100418,PP BOX NG-006.bmp,100.0,56.9288,110.0,96.8791
20200703100418,PP BOX NG-007.bmp,100.0,43.8202,110.0,94.8538
20200703100418,PP BOX NG-008.bmp,100.0,41.573,110.0,96.3717
20200703100419,PP BOX NG-009.bmp,100.0,35.5805,110.0,95.9558
20200703100419,PP BOX NG-010.bmp,100.0,34.4569,110.0,95.6781
20200703100419,PP BOX NG-011.bmp,100.0,41.573,110.0,95.5736
20200703100419,PP BOX NG-012.bmp,100.0,59.176,110.0,97.2041
20200703100419,PP BOX NG-013.bmp,100.0,44.9438,110.0,96.131
20200703100419,PP BOX NG-014.bmp,100.0,45.3184,110.0,96.0392
20200703100420,PP BOX NG-015.bmp,100.0,46.4419,110.0,96.9656
20200703100420,PP BOX NG-016.bmp,100.0,47.191,110.0,96.7656
20200703100420,PP BOX NG-017.bmp,100.0,37.0787,110.0,96.7509
20200703100420,PP BOX NG-018.bmp,100.0,50.9363,110.0,97.2555
20200703100420,PP BOX OK-001.bmp,100.0,100.0,110.0,100.0
20200703100420,PP BOX NG-001.bmp,100.0,50.1873,110.0,96.5827
20200703100420,PP BOX NG-002.bmp,100.0,38.5768,110.0,96.7078
20200703100421,PP BOX NG-003.bmp,100.0,45.3184,110.0,96.7681
20200703100421,PP BOX NG-004.bmp,100.0,39.3258,110.0,95.6988
20200703100421,PP BOX NG-005.bmp,100.0,55.0562,110.0,95.9472
20200703100421,PP BOX NG-006.bmp,100.0,56.9288,110.0,96.8791
20200703100421,PP BOX NG-007.bmp,100.0,43.8202,110.0,94.8538
20200703100421,PP BOX NG-008.bmp,100.0,41.573,110.0,96.3717
20200703100422,PP BOX NG-009.bmp,100.0,35.5805,110.0,95.9558
20200703100422,PP BOX NG-010.bmp,100.0,34.4569,110.0,95.6781
20200703100422,PP BOX NG-011.bmp,100.0,41.573,110.0,95.5736
20200703100422,PP BOX NG-012.bmp,100.0,59.176,110.0,97.2041
20200703100422,PP BOX NG-013.bmp,100.0,44.9438,110.0,96.131
20200703100422,PP BOX NG-014.bmp,100.0,45.3184,110.0,96.0392
20200703100422,PP BOX NG-015.bmp,100.0,46.4419,110.0,96.9656
20200703100423,PP BOX NG-016.bmp,100.0,47.191,110.0,96.7656
20200703100423,PP BOX NG-017.bmp,100.0,37.0787,110.0,96.7509
20200703100423,PP BOX NG-018.bmp,100.0,50.9363,110.0,97.2555
20200703100423,PP BOX OK-001.bmp,100.0,100.0,110.0,100.0
20200703100423,PP BOX NG-001.bmp,100.0,50.1873,110.0,96.5827
20200703100423,PP BOX NG-002.bmp,100.0,38.5768,110.0,96.7078
20200703100423,PP BOX NG-003.bmp,100.0,45.3184,110.0,96.7681
20200703100424,PP BOX NG-004.bmp,100.0,39.3258,110.0,95.6988
20200703100424,PP BOX NG-005.bmp,100.0,55.0562,110.0,95.9472
20200703100424,PP BOX NG-006.bmp,100.0,56.9288,110.0,96.8791
20200703100424,PP BOX NG-007.bmp,100.0,43.8202,110.0,94.8538
20200703100424,PP BOX NG-008.bmp,100.0,41.573,110.0,96.3717
20200703100424,PP BOX NG-009.bmp,100.0,35.5805,110.0,95.9558
20200703100424,PP BOX NG-010.bmp,100.0,34.4569,110.0,95.6781
20200703100425,PP BOX NG-011.bmp,100.0,41.573,110.0,95.5736
20200703100425,PP BOX NG-012.bmp,100.0,59.176,110.0,97.2041
20200703100425,PP BOX NG-013.bmp,100.0,44.9438,110.0,96.131
20200703100425,PP BOX NG-014.bmp,100.0,45.3184,110.0,96.0392
20200703100425,PP BOX NG-015.bmp,100.0,46.4419,110.0,96.9656
20200703100425,PP BOX NG-016.bmp,100.0,47.191,110.0,96.7656
20200703100426,PP BOX NG-017.bmp,100.0,37.0787,110.0,96.7509
20200703100426,PP BOX NG-018.bmp,100.0,50.9363,110.0,97.2555
20200703100426,PP BOX OK-001.bmp,100.0,100.0,110.0,100.0
20200703100426,PP BOX NG-001.bmp,100.0,50.1873,110.0,96.5827
20200703100426,PP BOX NG-002.bmp,100.0,38.5768,110.0,96.7078
20200703100426,PP BOX NG-003.bmp,100.0,45.3184,110.0,96.7681
20200703100426,PP BOX NG-004.bmp,100.0,39.3258,110.0,95.6988
20200703100427,PP BOX NG-005.bmp,100.0,55.0562,110.0,95.9472
20200703100427,PP BOX NG-006.bmp,100.0,56.9288,110.0,96.8791
20200703100427,PP BOX NG-007.bmp,100.0,43.8202,110.0,94.8538
20200703100427,PP BOX NG-008.bmp,100.0,41.573,110.0,96.3717
20200703100427,PP BOX NG-009.bmp,100.0,35.5805,110.0,95.9558
20200703100427,PP BOX NG-010.bmp,100.0,34.4569,110.0,95.6781
20200703100427,PP BOX NG-011.bmp,100.0,41.573,110.0,95.5736
20200703100428,PP BOX NG-012.bmp,100.0,59.176,110.0,97.2041
20200703100428,PP BOX NG-013.bmp,100.0,44.9438,110.0,96.131
20200703100428,PP BOX NG-014.bmp,100.0,45.3184,110.0,96.0392
20200703100428,PP BOX NG-015.bmp,100.0,46.4419,110.0,96.9656
20200703100428,PP BOX NG-016.bmp,100.0,47.191,110.0,96.7656
20200703100428,PP BOX NG-017.bmp,100.0,37.0787,110.0,96.7509
20200703100428,PP BOX NG-018.bmp,100.0,50.9363,110.0,97.2555
20200703100429,PP BOX OK-001.bmp,100.0,100.0,110.0,100.0
20200703100429,PP BOX NG-001.bmp,100.0,50.1873,110.0,96.5827
20200703100429,PP BOX NG-002.bmp,100.0,38.5768,110.0,96.7078
20200703100429,PP BOX NG-003.bmp,100.0,45.3184,110.0,96.7681
20200703100429,PP BOX NG-004.bmp,100.0,39.3258,110.0,95.6988
20200703100429,PP BOX NG-005.bmp,100.0,55.0562,110.0,95.9472
20200703100429,PP BOX NG-006.bmp,100.0,56.9288,110.0,96.8791
20200703100430,PP BOX NG-007.bmp,100.0,43.8202,110.0,94.8538
20200703100430,PP BOX NG-008.bmp,100.0,41.573,110.0,96.3717
20200703100430,PP BOX NG-009.bmp,100.0,35.5805,110.0,95.9558
20200703100430,PP BOX NG-010.bmp,100.0,34.4569,110.0,95.6781
20200703100430,PP BOX NG-011.bmp,100.0,41.573,110.0,95.5736
20200703100430,PP BOX NG-012.bmp,100.0,59.176,110.0,97.2041
20200703100431,PP BOX NG-013.bmp,100.0,44.9438,110.0,96.131
20200703100431,PP BOX NG-014.bmp,100.0,45.3184,110.0,96.0392
20200703100431,PP BOX NG-015.bmp,100.0,46.4419,110.0,96.9656
20200703100431,PP BOX NG-016.bmp,100.0,47.191,110.0,96.7656
20200703100431,PP BOX NG-017.bmp,100.0,37.0787,110.0,96.7509
20200703100431,PP BOX NG-018.bmp,100.0,50.9363,110.0,97.2555
20200703100431,PP BOX OK-001.bmp,100.0,100.0,110.0,100.0
20200703100432,PP BOX NG-001.bmp,100.0,50.1873,110.0,96.5827
20200703100432,PP BOX NG-002.bmp,100.0,38.5768,110.0,96.7078
20200703100432,PP BOX NG-003.bmp,100.0,45.3184,110.0,96.7681
20200703100432,PP BOX NG-004.bmp,100.0,39.3258,110.0,95.6988
20200703100432,PP BOX NG-005.bmp,100.0,55.0562,110.0,95.9472
20200703100432,PP BOX NG-006.bmp,100.0,56.9288,110.0,96.8791
20200703100432,PP BOX NG-007.bmp,100.0,43.8202,110.0,94.8538
20200703100433,PP BOX NG-008.bmp,100.0,41.573,110.0,96.3717
20200703100433,PP BOX NG-009.bmp,100.0,35.5805,110.0,95.9558
20200703100433,PP BOX NG-010.bmp,100.0,34.4569,110.0,95.6781
20200703100433,PP BOX NG-011.bmp,100.0,41.573,110.0,95.5736
20200703100433,PP BOX NG-012.bmp,100.0,59.176,110.0,97.2041
20200703100433,PP BOX NG-013.bmp,100.0,44.9438,110.0,96.131
20200703100433,PP BOX NG-014.bmp,100.0,45.3184,110.0,96.0392
20200703100434,PP BOX NG-015.bmp,100.0,46.4419,110.0,96.9656
20200703100434,PP BOX NG-016.bmp,100.0,47.191,110.0,96.7656
20200703100434,PP BOX NG-017.bmp,100.0,37.0787,110.0,96.7509
20200703100434,PP BOX NG-018.bmp,100.0,50.9363,110.0,97.2555
20200703100434,PP BOX OK-001.bmp,100.0,100.0,110.0,100.0
20200703100434,PP BOX NG-001.bmp,100.0,50.1873,110.0,96.5827
20200703100435,PP BOX NG-002.bmp,100.0,38.5768,110.0,96.7078
20200703100435,PP BOX NG-003.bmp,100.0,45.3184,110.0,96.7681
20200703100435,PP BOX NG-004.bmp,100.0,39.3258,110.0,95.6988
20200703100435,PP BOX NG-005.bmp,100.0,55.0562,110.0,95.9472
20200703100435,PP BOX NG-006.bmp,100.0,56.9288,110.0,96.8791
20200703100435,PP BOX NG-007.bmp,100.0,43.8202,110.0,94.8538
20200703100435,PP BOX NG-008.bmp,100.0,41.573,110.0,96.3717
20200703100436,PP BOX NG-009.bmp,100.0,35.5805,110.0,95.9558
20200703100436,PP BOX NG-010.bmp,100.0,34.4569,110.0,95.6781
20200703100436,PP BOX NG-011.bmp,100.0,41.573,110.0,95.5736
20200703100436,PP BOX NG-012.bmp,100.0,59.176,110.0,97.2041
20200703100436,PP BOX NG-013.bmp,100.0,44.9438,110.0,96.131
20200703100436,PP BOX NG-014.bmp,100.0,45.3184,110.0,96.0392
20200703100436,PP BOX NG-015.bmp,100.0,46.4419,110.0,96.9656
20200703100437,PP BOX NG-016.bmp,100.0,47.191,110.0,96.7656
20200703100437,PP BOX NG-017.bmp,100.0,37.0787,110.0,96.7509
20200703100437,PP BOX NG-018.bmp,100.0,50.9363,110.0,97.2555
20200703100437,PP BOX OK-001.bmp,100.0,100.0,110.0,100.0
20200703100437,PP BOX NG-001.bmp,100.0,50.1873,110.0,96.5827
20200703100437,PP BOX NG-002.bmp,100.0,38.5768,110.0,96.7078
20200703100437,PP BOX NG-003.bmp,100.0,45.3184,110.0,96.7681
20200703100438,PP BOX NG-004.bmp,100.0,39.3258,110.0,95.6988
20200703100438,PP BOX NG-005.bmp,100.0,55.0562,110.0,95.9472
20200703100438,PP BOX NG-006.bmp,100.0,56.9288,110.0,96.8791
20200703100438,PP BOX NG-007.bmp,100.0,43.8202,110.0,94.8538
20200703100438,PP BOX NG-008.bmp,100.0,41.573,110.0,96.3717
20200703100438,PP BOX NG-009.bmp,100.0,35.5805,110.0,95.9558
20200703100439,PP BOX NG-010.bmp,100.0,34.4569,110.0,95.6781
20200703100439,PP BOX NG-011.bmp,100.0,41.573,110.0,95.5736
20200703100439,PP BOX NG-012.bmp,100.0,59.176,110.0,97.2041
20200703100439,PP BOX NG-013.bmp,100.0,44.9438,110.0,96.131
20200703100439,PP BOX NG-014.bmp,100.0,45.3184,110.0,96.0392
20200703100439,PP BOX NG-015.bmp,100.0,46.4419,110.0,96.9656
20200703100440,PP BOX NG-016.bmp,100.0,47.191,110.0,96.7656
20200703100440,PP BOX NG-017.bmp,100.0,37.0787,110.0,96.7509
20200703100440,PP BOX NG-018.bmp,100.0,50.9363,110.0,97.2555
20200703100440,PP BOX OK-001.bmp,100.0,100.0,110.0,100.0
20200703100440,PP BOX NG-001.bmp,100.0,50.1873,110.0,96.5827
20200703100440,PP BOX NG-002.bmp,100.0,38.5768,110.0,96.7078
20200703100440,PP BOX NG-003.bmp,100.0,45.3184,110.0,96.7681
20200703100441,PP BOX NG-004.bmp,100.0,39.3258,110.0,95.6988
20200703100441,PP BOX NG-005.bmp,100.0,55.0562,110.0,95.9472
20200703100441,PP BOX NG-006.bmp,100.0,56.9288,110.0,96.8791
20200703100441,PP BOX NG-007.bmp,100.0,43.8202,110.0,94.8538
20200703100441,PP BOX NG-008.bmp,100.0,41.573,110.0,96.3717
20200703100441,PP BOX NG-009.bmp,100.0,35.5805,110.0,95.9558
20200703100441,PP BOX NG-010.bmp,100.0,34.4569,110.0,95.6781
20200703100442,PP BOX NG-011.bmp,100.0,41.573,110.0,95.5736
20200703100442,PP BOX NG-012.bmp,100.0,59.176,110.0,97.2041
20200703100442,PP BOX NG-013.bmp,100.0,44.9438,110.0,96.131
20200703100442,PP BOX NG-014.bmp,100.0,45.3184,110.0,96.0392
20200703100442,PP BOX NG-015.bmp,100.0,46.4419,110.0,96.9656
20200703100442,PP BOX NG-016.bmp,100.0,47.191,110.0,96.7656
20200703100442,PP BOX NG-017.bmp,100.0,37.0787,110.0,96.7509
20200703100443,PP BOX NG-018.bmp,100.0,50.9363,110.0,97.2555
20200703100443,PP BOX OK-001.bmp,100.0,100.0,110.0,100.0
20200703100503,PP BOX NG-001.bmp,100.0,50.1873,110.0,96.5827
20200703100503,PP BOX NG-002.bmp,100.0,38.5768,110.0,96.7078
20200703100504,PP BOX NG-003.bmp,100.0,45.3184,110.0,96.7681
20200703100504,PP BOX NG-004.bmp,100.0,39.3258,110.0,95.6988
20200703100504,PP BOX NG-005.bmp,100.0,55.0562,110.0,95.9472
20200703100504,PP BOX NG-006.bmp,100.0,56.9288,110.0,96.8791
20200703100504,PP BOX NG-007.bmp,100.0,43.8202,110.0,94.8538
20200703100504,PP BOX NG-008.bmp,100.0,41.573,110.0,96.3717
20200703100505,PP BOX NG-009.bmp,100.0,35.5805,110.0,95.9558
20200703100505,PP BOX NG-010.bmp,100.0,34.4569,110.0,95.6781
20200703100505,PP BOX NG-011.bmp,100.0,41.573,110.0,95.5736
20200703100505,PP BOX NG-012.bmp,100.0,59.176,110.0,97.2041
20200703100505,PP BOX NG-013.bmp,100.0,44.9438,110.0,96.131
20200703100505,PP BOX NG-014.bmp,100.0,45.3184,110.0,96.0392
20200703100506,PP BOX NG-015.bmp,100.0,46.4419,110.0,96.9656
20200703100506,PP BOX NG-016.bmp,100.0,47.191,110.0,96.7656
20200703100506,PP BOX NG-017.bmp,100.0,37.0787,110.0,96.7509
20200703100506,PP BOX NG-018.bmp,100.0,50.9363,110.0,97.2555
20200703100506,PP BOX OK-001.bmp,100.0,100.0,110.0,100.0
20200703100506,PP BOX NG-001.bmp,100.0,50.1873,110.0,96.5827
20200703100507,PP BOX NG-002.bmp,100.0,38.5768,110.0,96.7078
20200703100507,PP BOX NG-003.bmp,100.0,45.3184,110.0,96.7681
20200703100507,PP BOX NG-004.bmp,100.0,39.3258,110.0,95.6988
20200703100507,PP BOX NG-005.bmp,100.0,55.0562,110.0,95.9472
20200703100507,PP BOX NG-006.bmp,100.0,56.9288,110.0,96.8791
20200703100507,PP BOX NG-007.bmp,100.0,43.8202,110.0,94.8538
20200703100508,PP BOX NG-008.bmp,100.0,41.573,110.0,96.3717
20200703100508,PP BOX NG-009.bmp,100.0,35.5805,110.0,95.9558
20200703100508,PP BOX NG-010.bmp,100.0,34.4569,110.0,95.6781
20200703100508,PP BOX NG-011.bmp,100.0,41.573,110.0,95.5736
20200703100508,PP BOX NG-012.bmp,100.0,59.176,110.0,97.2041
20200703100508,PP BOX NG-013.bmp,100.0,44.9438,110.0,96.131
20200703100509,PP BOX NG-014.bmp,100.0,45.3184,110.0,96.0392
20200703100509,PP BOX NG-015.bmp,100.0,46.4419,110.0,96.9656
20200703100509,PP BOX NG-016.bmp,100.0,47.191,110.0,96.7656
20200703100509,PP BOX NG-017.bmp,100.0,37.0787,110.0,96.7509
20200703100509,PP BOX NG-018.bmp,100.0,50.9363,110.0,97.2555
20200703100509,PP BOX OK-001.bmp,100.0,100.0,110.0,100.0
20200703100510,PP BOX NG-001.bmp,100.0,50.1873,110.0,96.5827
20200703100510,PP BOX NG-002.bmp,100.0,38.5768,110.0,96.7078
20200703100510,PP BOX NG-003.bmp,100.0,45.3184,110.0,96.7681
20200703100510,PP BOX NG-004.bmp,100.0,39.3258,110.0,95.6988
20200703100510,PP BOX NG-005.bmp,100.0,55.0562,110.0,95.9472
20200703100510,PP BOX NG-006.bmp,100.0,56.9288,110.0,96.8791
20200703100510,PP BOX NG-007.bmp,100.0,43.8202,110.0,94.8538
20200703100511,PP BOX NG-008.bmp,100.0,41.573,110.0,96.3717
20200703100511,PP BOX NG-009.bmp,100.0,35.5805,110.0,95.9558
20200703100511,PP BOX NG-010.bmp,100.0,34.4569,110.0,95.6781
20200703100511,PP BOX NG-011.bmp,100.0,41.573,110.0,95.5736
20200703100511,PP BOX NG-012.bmp,100.0,59.176,110.0,97.2041
20200703100511,PP BOX NG-013.bmp,100.0,44.9438,110.0,96.131
20200703100512,PP BOX NG-014.bmp,100.0,45.3184,110.0,96.0392
20200703100512,PP BOX NG-015.bmp,100.0,46.4419,110.0,96.9656
20200703100512,PP BOX NG-016.bmp,100.0,47.191,110.0,96.7656
20200703100512,PP BOX NG-017.bmp,100.0,37.0787,110.0,96.7509
20200703100512,PP BOX NG-018.bmp,100.0,50.9363,110.0,97.2555
20200703100512,PP BOX OK-001.bmp,100.0,100.0,110.0,100.0
20200703100512,PP BOX NG-001.bmp,100.0,50.1873,110.0,96.5827
20200703100513,PP BOX NG-002.bmp,100.0,38.5768,110.0,96.7078
20200703100513,PP BOX NG-003.bmp,100.0,45.3184,110.0,96.7681
20200703100513,PP BOX NG-004.bmp,100.0,39.3258,110.0,95.6988
20200703100513,PP BOX NG-005.bmp,100.0,55.0562,110.0,95.9472
20200703100513,PP BOX NG-006.bmp,100.0,56.9288,110.0,96.8791
20200703100513,PP BOX NG-007.bmp,100.0,43.8202,110.0,94.8538
20200703100514,PP BOX NG-008.bmp,100.0,41.573,110.0,96.3717
20200703100514,PP BOX NG-009.bmp,100.0,35.5805,110.0,95.9558
20200703100514,PP BOX NG-010.bmp,100.0,34.4569,110.0,95.6781
20200703100514,PP BOX NG-011.bmp,100.0,41.573,110.0,95.5736
20200703100514,PP BOX NG-012.bmp,100.0,59.176,110.0,97.2041
20200703100514,PP BOX NG-013.bmp,100.0,44.9438,110.0,96.131
20200703100514,PP BOX NG-014.bmp,100.0,45.3184,110.0,96.0392
20200703100515,PP BOX NG-015.bmp,100.0,46.4419,110.0,96.9656
20200703100515,PP BOX NG-016.bmp,100.0,47.191,110.0,96.7656
20200703100515,PP BOX NG-017.bmp,100.0,37.0787,110.0,96.7509
20200703100515,PP BOX NG-018.bmp,100.0,50.9363,110.0,97.2555
20200703100515,PP BOX OK-001.bmp,100.0,100.0,110.0,100.0
20200703100515,PP BOX NG-001.bmp,100.0,50.1873,110.0,96.5827
20200703100516,PP BOX NG-002.bmp,100.0,38.5768,110.0,96.7078
20200703100516,PP BOX NG-003.bmp,100.0,45.3184,110.0,96.7681
20200703100516,PP BOX NG-004.bmp,100.0,39.3258,110.0,95.6988
20200703100516,PP BOX NG-005.bmp,100.0,55.0562,110.0,95.9472
20200703100516,PP BOX NG-006.bmp,100.0,56.9288,110.0,96.8791
20200703100516,PP BOX NG-007.bmp,100.0,43.8202,110.0,94.8538
20200703100517,PP BOX NG-008.bmp,100.0,41.573,110.0,96.3717
20200703100517,PP BOX NG-009.bmp,100.0,35.5805,110.0,95.9558
20200703100517,PP BOX NG-010.bmp,100.0,34.4569,110.0,95.6781
20200703100517,PP BOX NG-011.bmp,100.0,41.573,110.0,95.5736
20200703100517,PP BOX NG-012.bmp,100.0,59.176,110.0,97.2041
20200703100517,PP BOX NG-013.bmp,100.0,44.9438,110.0,96.131
20200703100517,PP BOX NG-014.bmp,100.0,45.3184,110.0,96.0392
20200703100518,PP BOX NG-015.bmp,100.0,46.4419,110.0,96.9656
20200703100518,PP BOX NG-016.bmp,100.0,47.191,110.0,96.7656
20200703100518,PP BOX NG-017.bmp,100.0,37.0787,110.0,96.7509
20200703100518,PP BOX NG-018.bmp,100.0,50.9363,110.0,97.2555
20200703100518,PP BOX OK-001.bmp,100.0,100.0,110.0,100.0
20200703100518,PP BOX NG-001.bmp,100.0,50.1873,110.0,96.5827
20200703100519,PP BOX NG-002.bmp,100.0,38.5768,110.0,96.7078
20200703100519,PP BOX NG-003.bmp,100.0,45.3184,110.0,96.7681
20200703100519,PP BOX NG-004.bmp,100.0,39.3258,110.0,95.6988
20200703100519,PP BOX NG-005.bmp,100.0,55.0562,110.0,95.9472
20200703100519,PP BOX NG-006.bmp,100.0,56.9288,110.0,96.8791
20200703100519,PP BOX NG-007.bmp,100.0,43.8202,110.0,94.8538
20200703100519,PP BOX NG-008.bmp,100.0,41.573,110.0,96.3717
20200703100520,PP BOX NG-009.bmp,100.0,35.5805,110.0,95.9558
20200703100520,PP BOX NG-010.bmp,100.0,34.4569,110.0,95.6781
20200703100520,PP BOX NG-011.bmp,100.0,41.573,110.0,95.5736
20200703100520,PP BOX NG-012.bmp,100.0,59.176,110.0,97.2041
20200703100520,PP BOX NG-013.bmp,100.0,44.9438,110.0,96.131
20200703100520,PP BOX NG-014.bmp,100.0,45.3184,110.0,96.0392
20200703100521,PP BOX NG-015.bmp,100.0,46.4419,110.0,96.9656
20200703100521,PP BOX NG-016.bmp,100.0,47.191,110.0,96.7656
20200703100521,PP BOX NG-017.bmp,100.0,37.0787,110.0,96.7509
20200703100521,PP BOX NG-018.bmp,100.0,50.9363,110.0,97.2555
20200703100521,PP BOX OK-001.bmp,100.0,100.0,110.0,100.0
20200703100521,PP BOX NG-001.bmp,100.0,50.1873,110.0,96.5827
20200703100522,PP BOX NG-002.bmp,100.0,38.5768,110.0,96.7078
20200703100522,PP BOX NG-003.bmp,100.0,45.3184,110.0,96.7681
20200703100522,PP BOX NG-004.bmp,100.0,39.3258,110.0,95.6988
20200703100522,PP BOX NG-005.bmp,100.0,55.0562,110.0,95.9472
20200703100522,PP BOX NG-006.bmp,100.0,56.9288,110.0,96.8791
20200703100522,PP BOX NG-007.bmp,100.0,43.8202,110.0,94.8538
20200703100523,PP BOX NG-008.bmp,100.0,41.573,110.0,96.3717
20200703100523,PP BOX NG-009.bmp,100.0,35.5805,110.0,95.9558
20200703100523,PP BOX NG-010.bmp,100.0,34.4569,110.0,95.6781
20200703100523,PP BOX NG-011.bmp,100.0,41.573,110.0,95.5736
20200703100523,PP BOX NG-012.bmp,100.0,59.176,110.0,97.2041
20200703100523,PP BOX NG-013.bmp,100.0,44.9438,110.0,96.131
20200703100523,PP BOX NG-014.bmp,100.0,45.3184,110.0,96.0392
20200703100524,PP BOX NG-015.bmp,100.0,46.4419,110.0,96.9656
20200703100524,PP BOX NG-016.bmp,100.0,47.191,110.0,96.7656
20200703100524,PP BOX NG-017.bmp,100.0,37.0787,110.0,96.7509
20200703100524,PP BOX NG-018.bmp,100.0,50.9363,110.0,97.2555
20200703100524,PP BOX OK-001.bmp,100.0,100.0,110.0,100.0
20200703100524,PP BOX NG-001.bmp,100.0,50.1873,110.0,96.5827
20200703100525,PP BOX NG-002.bmp,100.0,38.5768,110.0,96.7078
20200703100525,PP BOX NG-003.bmp,100.0,45.3184,110.0,96.7681
20200703100525,PP BOX NG-004.bmp,100.0,39.3258,110.0,95.6988
20200703100525,PP BOX NG-005.bmp,100.0,55.0562,110.0,95.9472
20200703100525,PP BOX NG-006.bmp,100.0,56.9288,110.0,96.8791
20200703100525,PP BOX NG-007.bmp,100.0,43.8202,110.0,94.8538
20200703100526,PP BOX NG-008.bmp,100.0,41.573,110.0,96.3717
20200703100526,PP BOX NG-009.bmp,100.0,35.5805,110.0,95.9558
20200703100526,PP BOX NG-010.bmp,100.0,34.4569,110.0,95.6781
20200703100526,PP BOX NG-011.bmp,100.0,41.573,110.0,95.5736
20200703100526,PP BOX NG-012.bmp,100.0,59.176,110.0,97.2041
20200703100526,PP BOX NG-013.bmp,100.0,44.9438,110.0,96.131
20200703100526,PP BOX NG-014.bmp,100.0,45.3184,110.0,96.0392
20200703100527,PP BOX NG-015.bmp,100.0,46.4419,110.0,96.9656
20200703100527,PP BOX NG-016.bmp,100.0,47.191,110.0,96.7656
20200703100527,PP BOX NG-017.bmp,100.0,37.0787,110.0,96.7509
20200703100527,PP BOX NG-018.bmp,100.0,50.9363,110.0,97.2555
20200703100527,PP BOX OK-001.bmp,100.0,100.0,110.0,100.0
20200703100527,PP BOX NG-001.bmp,100.0,50.1873,110.0,96.5827
20200703100528,PP BOX NG-002.bmp,100.0,38.5768,110.0,96.7078
20200703100528,PP BOX NG-003.bmp,100.0,45.3184,110.0,96.7681
20200703100528,PP BOX NG-004.bmp,100.0,39.3258,110.0,95.6988
20200703100528,PP BOX NG-005.bmp,100.0,55.0562,110.0,95.9472
20200703100528,PP BOX NG-006.bmp,100.0,56.9288,110.0,96.8791
20200703100528,PP BOX NG-007.bmp,100.0,43.8202,110.0,94.8538
20200703100529,PP BOX NG-008.bmp,100.0,41.573,110.0,96.3717
20200703100529,PP BOX NG-009.bmp,100.0,35.5805,110.0,95.9558
20200703100529,PP BOX NG-010.bmp,100.0,34.4569,110.0,95.6781
20200703100529,PP BOX NG-011.bmp,100.0,41.573,110.0,95.5736
20200703100529,PP BOX NG-012.bmp,100.0,59.176,110.0,97.2041
20200703100529,PP BOX NG-013.bmp,100.0,44.9438,110.0,96.131
20200703100529,PP BOX NG-014.bmp,100.0,45.3184,110.0,96.0392
20200703100530,PP BOX NG-015.bmp,100.0,46.4419,110.0,96.9656
20200703100530,PP BOX NG-016.bmp,100.0,47.191,110.0,96.7656
20200703100530,PP BOX NG-017.bmp,100.0,37.0787,110.0,96.7509
20200703100530,PP BOX NG-018.bmp,100.0,50.9363,110.0,97.2555
20200703100530,PP BOX OK-001.bmp,100.0,100.0,110.0,100.0
20200703100530,PP BOX NG-001.bmp,100.0,50.1873,110.0,96.5827
20200703100530,PP BOX NG-002.bmp,100.0,38.5768,110.0,96.7078
20200703100531,PP BOX NG-003.bmp,100.0,45.3184,110.0,96.7681
20200703100531,PP BOX NG-004.bmp,100.0,39.3258,110.0,95.6988
20200703100531,PP BOX NG-005.bmp,100.0,55.0562,110.0,95.9472
20200703100531,PP BOX NG-006.bmp,100.0,56.9288,110.0,96.8791
20200703100531,PP BOX NG-007.bmp,100.0,43.8202,110.0,94.8538
20200703100531,PP BOX NG-008.bmp,100.0,41.573,110.0,96.3717
20200703100532,PP BOX NG-009.bmp,100.0,35.5805,110.0,95.9558
20200703100532,PP BOX NG-010.bmp,100.0,34.4569,110.0,95.6781
20200703100532,PP BOX NG-011.bmp,100.0,41.573,110.0,95.5736
20200703100532,PP BOX NG-012.bmp,100.0,59.176,110.0,97.2041
20200703100532,PP BOX NG-013.bmp,100.0,44.9438,110.0,96.131
20200703100532,PP BOX NG-014.bmp,100.0,45.3184,110.0,96.0392
20200703100533,PP BOX NG-015.bmp,100.0,46.4419,110.0,96.9656
20200703100533,PP BOX NG-016.bmp,100.0,47.191,110.0,96.7656
20200703100533,PP BOX NG-017.bmp,100.0,37.0787,110.0,96.7509
20200703100533,PP BOX NG-018.bmp,100.0,50.9363,110.0,97.2555
20200703100533,PP BOX OK-001.bmp,100.0,100.0,110.0,100.0
20200703100533,PP BOX NG-001.bmp,100.0,50.1873,110.0,96.5827
20200703100533,PP BOX NG-002.bmp,100.0,38.5768,110.0,96.7078
20200703100534,PP BOX NG-003.bmp,100.0,45.3184,110.0,96.7681
20200703100534,PP BOX NG-004.bmp,100.0,39.3258,110.0,95.6988
20200703100534,PP BOX NG-005.bmp,100.0,55.0562,110.0,95.9472
20200703100534,PP BOX NG-006.bmp,100.0,56.9288,110.0,96.8791
20200703100534,PP BOX NG-007.bmp,100.0,43.8202,110.0,94.8538
20200703100534,PP BOX NG-008.bmp,100.0,41.573,110.0,96.3717
20200703100535,PP BOX NG-009.bmp,100.0,35.5805,110.0,95.9558
20200703100535,PP BOX NG-010.bmp,100.0,34.4569,110.0,95.6781
20200703100535,PP BOX NG-011.bmp,100.0,41.573,110.0,95.5736
20200703100535,PP BOX NG-012.bmp,100.0,59.176,110.0,97.2041
20200703100535,PP BOX NG-013.bmp,100.0,44.9438,110.0,96.131
20200703100535,PP BOX NG-014.bmp,100.0,45.3184,110.0,96.0392
20200703100536,PP BOX NG-015.bmp,100.0,46.4419,110.0,96.9656
20200703100536,PP BOX NG-016.bmp,100.0,47.191,110.0,96.7656
20200703100536,PP BOX NG-017.bmp,100.0,37.0787,110.0,96.7509
20200703100536,PP BOX NG-018.bmp,100.0,50.9363,110.0,97.2555
20200703100536,PP BOX OK-001.bmp,100.0,100.0,110.0,100.0
20200703100536,PP BOX NG-001.bmp,100.0,50.1873,110.0,96.5827
20200703100536,PP BOX NG-002.bmp,100.0,38.5768,110.0,96.7078
20200703100537,PP BOX NG-003.bmp,100.0,45.3184,110.0,96.7681
20200703100537,PP BOX NG-004.bmp,100.0,39.3258,110.0,95.6988
20200703100537,PP BOX NG-005.bmp,100.0,55.0562,110.0,95.9472
20200703100537,PP BOX NG-006.bmp,100.0,56.9288,110.0,96.8791
20200703100537,PP BOX NG-007.bmp,100.0,43.8202,110.0,94.8538
20200703100537,PP BOX NG-008.bmp,100.0,41.573,110.0,96.3717
20200703100538,PP BOX NG-009.bmp,100.0,35.5805,110.0,95.9558
20200703100538,PP BOX NG-010.bmp,100.0,34.4569,110.0,95.6781
20200703100538,PP BOX NG-011.bmp,100.0,41.573,110.0,95.5736
20200703100538,PP BOX NG-012.bmp,100.0,59.176,110.0,97.2041
20200703100538,PP BOX NG-013.bmp,100.0,44.9438,110.0,96.131
20200703100538,PP BOX NG-014.bmp,100.0,45.3184,110.0,96.0392
20200703100539,PP BOX NG-015.bmp,100.0,46.4419,110.0,96.9656
20200703100539,PP BOX NG-016.bmp,100.0,47.191,110.0,96.7656
20200703100539,PP BOX NG-017.bmp,100.0,37.0787,110.0,96.7509
20200703100539,PP BOX NG-018.bmp,100.0,50.9363,110.0,97.2555
20200703100539,PP BOX OK-001.bmp,100.0,100.0,110.0,100.0
20200703100539,PP BOX NG-001.bmp,100.0,50.1873,110.0,96.5827
20200703100539,PP BOX NG-002.bmp,100.0,38.5768,110.0,96.7078
20200703100540,PP BOX NG-003.bmp,100.0,45.3184,110.0,96.7681
20200703100540,PP BOX NG-004.bmp,100.0,39.3258,110.0,95.6988
20200703100540,PP BOX NG-005.bmp,100.0,55.0562,110.0,95.9472
20200703100540,PP BOX NG-006.bmp,100.0,56.9288,110.0,96.8791
20200703100540,PP BOX NG-007.bmp,100.0,43.8202,110.0,94.8538
20200703100540,PP BOX NG-008.bmp,100.0,41.573,110.0,96.3717
20200703100541,PP BOX NG-009.bmp,100.0,35.5805,110.0,95.9558
20200703100541,PP BOX NG-010.bmp,100.0,34.4569,110.0,95.6781
20200703100541,PP BOX NG-011.bmp,100.0,41.573,110.0,95.5736
20200703100541,PP BOX NG-012.bmp,100.0,59.176,110.0,97.2041
20200703100541,PP BOX NG-013.bmp,100.0,44.9438,110.0,96.131
20200703100541,PP BOX NG-014.bmp,100.0,45.3184,110.0,96.0392
20200703100542,PP BOX NG-015.bmp,100.0,46.4419,110.0,96.9656
20200703100542,PP BOX NG-016.bmp,100.0,47.191,110.0,96.7656
20200703100542,PP BOX NG-017.bmp,100.0,37.0787,110.0,96.7509
20200703100542,PP BOX NG-018.bmp,100.0,50.9363,110.0,97.2555
20200703100542,PP BOX OK-001.bmp,100.0,100.0,110.0,100.0
20200703100542,PP BOX NG-001.bmp,100.0,50.1873,110.0,96.5827
20200703100542,PP BOX NG-002.bmp,100.0,38.5768,110.0,96.7078
20200703100543,PP BOX NG-003.bmp,100.0,45.3184,110.0,96.7681
20200703100543,PP BOX NG-004.bmp,100.0,39.3258,110.0,95.6988
20200703100543,PP BOX NG-005.bmp,100.0,55.0562,110.0,95.9472
20200703100543,PP BOX NG-006.bmp,100.0,56.9288,110.0,96.8791
20200703100543,PP BOX NG-007.bmp,100.0,43.8202,110.0,94.8538
20200703100543,PP BOX NG-008.bmp,100.0,41.573,110.0,96.3717
20200703100544,PP BOX NG-009.bmp,100.0,35.5805,110.0,95.9558
20200703100544,PP BOX NG-010.bmp,100.0,34.4569,110.0,95.6781
20200703100544,PP BOX NG-011.bmp,100.0,41.573,110.0,95.5736
20200703100544,PP BOX NG-012.bmp,100.0,59.176,110.0,97.2041
20200703100544,PP BOX NG-013.bmp,100.0,44.9438,110.0,96.131
20200703100544,PP BOX NG-014.bmp,100.0,45.3184,110.0,96.0392
20200703100544,PP BOX NG-015.bmp,100.0,46.4419,110.0,96.9656
20200703100545,PP BOX NG-016.bmp,100.0,47.191,110.0,96.7656
20200703100545,PP BOX NG-017.bmp,100.0,37.0787,110.0,96.7509
20200703100545,PP BOX NG-018.bmp,100.0,50.9363,110.0,97.2555
20200703100545,PP BOX OK-001.bmp,100.0,100.0,110.0,100.0
20200703100545,PP BOX NG-001.bmp,100.0,50.1873,110.0,96.5827
20200703100545,PP BOX NG-002.bmp,100.0,38.5768,110.0,96.7078
20200703100546,PP BOX NG-003.bmp,100.0,45.3184,110.0,96.7681
20200703100546,PP BOX NG-004.bmp,100.0,39.3258,110.0,95.6988
20200703100546,PP BOX NG-005.bmp,100.0,55.0562,110.0,95.9472
20200703100546,PP BOX NG-006.bmp,100.0,56.9288,110.0,96.8791
20200703100546,PP BOX NG-007.bmp,100.0,43.8202,110.0,94.8538
20200703100546,PP BOX NG-008.bmp,100.0,41.573,110.0,96.3717
20200703100546,PP BOX NG-009.bmp,100.0,35.5805,110.0,95.9558
20200703100547,PP BOX NG-010.bmp,100.0,34.4569,110.0,95.6781
20200703100547,PP BOX NG-011.bmp,100.0,41.573,110.0,95.5736
20200703100547,PP BOX NG-012.bmp,100.0,59.176,110.0,97.2041
20200703100547,PP BOX NG-013.bmp,100.0,44.9438,110.0,96.131
20200703100547,PP BOX NG-014.bmp,100.0,45.3184,110.0,96.0392
20200703100547,PP BOX NG-015.bmp,100.0,46.4419,110.0,96.9656
20200703100548,PP BOX NG-016.bmp,100.0,47.191,110.0,96.7656
20200703100548,PP BOX NG-017.bmp,100.0,37.0787,110.0,96.7509
20200703100548,PP BOX NG-018.bmp,100.0,50.9363,110.0,97.2555
20200703100548,PP BOX OK-001.bmp,100.0,100.0,110.0,100.0
20200703100548,PP BOX NG-001.bmp,100.0,50.1873,110.0,96.5827
20200703100548,PP BOX NG-002.bmp,100.0,38.5768,110.0,96.7078
20200703100548,PP BOX NG-003.bmp,100.0,45.3184,110.0,96.7681
20200703100549,PP BOX NG-004.bmp,100.0,39.3258,110.0,95.6988
20200703100549,PP BOX NG-005.bmp,100.0,55.0562,110.0,95.9472
20200703100549,PP BOX NG-006.bmp,100.0,56.9288,110.0,96.8791
20200703100549,PP BOX NG-007.bmp,100.0,43.8202,110.0,94.8538
20200703100549,PP BOX NG-008.bmp,100.0,41.573,110.0,96.3717
20200703100549,PP BOX NG-009.bmp,100.0,35.5805,110.0,95.9558
20200703100550,PP BOX NG-010.bmp,100.0,34.4569,110.0,95.6781
20200703100550,PP BOX NG-011.bmp,100.0,41.573,110.0,95.5736
20200703100550,PP BOX NG-012.bmp,100.0,59.176,110.0,97.2041
20200703100550,PP BOX NG-013.bmp,100.0,44.9438,110.0,96.131
20200703100550,PP BOX NG-014.bmp,100.0,45.3184,110.0,96.0392
20200703100550,PP BOX NG-015.bmp,100.0,46.4419,110.0,96.9656
20200703100551,PP BOX NG-016.bmp,100.0,47.191,110.0,96.7656
20200703100551,PP BOX NG-017.bmp,100.0,37.0787,110.0,96.7509
20200703100551,PP BOX NG-018.bmp,100.0,50.9363,110.0,97.2555
20200703100551,PP BOX OK-001.bmp,100.0,100.0,110.0,100.0
20200703100551,PP BOX NG-001.bmp,100.0,50.1873,110.0,96.5827
20200703100551,PP BOX NG-002.bmp,100.0,38.5768,110.0,96.7078
20200703100551,PP BOX NG-003.bmp,100.0,45.3184,110.0,96.7681
20200703100552,PP BOX NG-004.bmp,100.0,39.3258,110.0,95.6988
20200703100552,PP BOX NG-005.bmp,100.0,55.0562,110.0,95.9472
20200703100552,PP BOX NG-006.bmp,100.0,56.9288,110.0,96.8791
20200703100552,PP BOX NG-007.bmp,100.0,43.8202,110.0,94.8538
20200703100552,PP BOX NG-008.bmp,100.0,41.573,110.0,96.3717
20200703100552,PP BOX NG-009.bmp,100.0,35.5805,110.0,95.9558
20200703100553,PP BOX NG-010.bmp,100.0,34.4569,110.0,95.6781
20200703100553,PP BOX NG-011.bmp,100.0,41.573,110.0,95.5736
20200703100553,PP BOX NG-012.bmp,100.0,59.176,110.0,97.2041
20200703100553,PP BOX NG-013.bmp,100.0,44.9438,110.0,96.131
20200703100554,PP BOX NG-014.bmp,100.0,45.3184,110.0,96.0392
20200703100554,PP BOX NG-015.bmp,100.0,46.4419,110.0,96.9656
20200703100554,PP BOX NG-016.bmp,100.0,47.191,110.0,96.7656
20200703100554,PP BOX NG-017.bmp,100.0,37.0787,110.0,96.7509
20200703100555,PP BOX NG-018.bmp,100.0,50.9363,110.0,97.2555
20200703100555,PP BOX OK-001.bmp,100.0,100.0,110.0,100.0
20200703100555,PP BOX NG-001.bmp,100.0,50.1873,110.0,96.5827
20200703100555,PP BOX NG-002.bmp,100.0,38.5768,110.0,96.7078
20200703100555,PP BOX NG-003.bmp,100.0,45.3184,110.0,96.7681
20200703100556,PP BOX NG-004.bmp,100.0,39.3258,110.0,95.6988
20200703100556,PP BOX NG-005.bmp,100.0,55.0562,110.0,95.9472
20200703100556,PP BOX NG-006.bmp,100.0,56.9288,110.0,96.8791
20200703100556,PP BOX NG-007.bmp,100.0,43.8202,110.0,94.8538
20200703100557,PP BOX NG-008.bmp,100.0,41.573,110.0,96.3717
20200703100557,PP BOX NG-009.bmp,100.0,35.5805,110.0,95.9558
20200703100557,PP BOX NG-010.bmp,100.0,34.4569,110.0,95.6781
20200703100557,PP BOX NG-011.bmp,100.0,41.573,110.0,95.5736
20200703100558,PP BOX NG-012.bmp,100.0,59.176,110.0,97.2041
20200703100558,PP BOX NG-013.bmp,100.0,44.9438,110.0,96.131
20200703100558,PP BOX NG-014.bmp,100.0,45.3184,110.0,96.0392
20200703100558,PP BOX NG-015.bmp,100.0,46.4419,110.0,96.9656
20200703100559,PP BOX NG-016.bmp,100.0,47.191,110.0,96.7656
20200703100559,PP BOX NG-017.bmp,100.0,37.0787,110.0,96.7509
20200703100559,PP BOX NG-018.bmp,100.0,50.9363,110.0,97.2555
20200703100559,PP BOX OK-001.bmp,100.0,100.0,110.0,100.0
20200703100559,PP BOX NG-001.bmp,100.0,50.1873,110.0,96.5827
20200703100600,PP BOX NG-002.bmp,100.0,38.5768,110.0,96.7078
20200703100600,PP BOX NG-003.bmp,100.0,45.3184,110.0,96.7681
20200703100600,PP BOX NG-004.bmp,100.0,39.3258,110.0,95.6988
20200703100600,PP BOX NG-005.bmp,100.0,55.0562,110.0,95.9472
20200703100601,PP BOX NG-006.bmp,100.0,56.9288,110.0,96.8791
20200703100601,PP BOX NG-007.bmp,100.0,43.8202,110.0,94.8538
20200703100601,PP BOX NG-008.bmp,100.0,41.573,110.0,96.3717
20200703100601,PP BOX NG-009.bmp,100.0,35.5805,110.0,95.9558
20200703100601,PP BOX NG-010.bmp,100.0,34.4569,110.0,95.6781
20200703100602,PP BOX NG-011.bmp,100.0,41.573,110.0,95.5736
20200703100602,PP BOX NG-012.bmp,100.0,59.176,110.0,97.2041
20200703100602,PP BOX NG-013.bmp,100.0,44.9438,110.0,96.131
20200703100602,PP BOX NG-014.bmp,100.0,45.3184,110.0,96.0392
20200703100603,PP BOX NG-015.bmp,100.0,46.4419,110.0,96.9656
20200703100603,PP BOX NG-016.bmp,100.0,47.191,110.0,96.7656
20200703100603,PP BOX NG-017.bmp,100.0,37.0787,110.0,96.7509
20200703100603,PP BOX NG-018.bmp,100.0,50.9363,110.0,97.2555
20200703100604,PP BOX OK-001.bmp,100.0,100.0,110.0,100.0
20200703100604,PP BOX NG-001.bmp,100.0,50.1873,110.0,96.5827
20200703100604,PP BOX NG-002.bmp,100.0,38.5768,110.0,96.7078
20200703100604,PP BOX NG-003.bmp,100.0,45.3184,110.0,96.7681
20200703100605,PP BOX NG-004.bmp,100.0,39.3258,110.0,95.6988
20200703100605,PP BOX NG-005.bmp,100.0,55.0562,110.0,95.9472
20200703100605,PP BOX NG-006.bmp,100.0,56.9288,110.0,96.8791
20200703100605,PP BOX NG-007.bmp,100.0,43.8202,110.0,94.8538
20200703100605,PP BOX NG-008.bmp,100.0,41.573,110.0,96.3717
20200703100606,PP BOX NG-009.bmp,100.0,35.5805,110.0,95.9558
20200703100606,PP BOX NG-010.bmp,100.0,34.4569,110.0,95.6781
20200703100606,PP BOX NG-011.bmp,100.0,41.573,110.0,95.5736
20200703100606,PP BOX NG-012.bmp,100.0,59.176,110.0,97.2041
20200703100607,PP BOX NG-013.bmp,100.0,44.9438,110.0,96.131
20200703100607,PP BOX NG-014.bmp,100.0,45.3184,110.0,96.0392
20200703100607,PP BOX NG-015.bmp,100.0,46.4419,110.0,96.9656
20200703100607,PP BOX NG-016.bmp,100.0,47.191,110.0,96.7656
20200703100608,PP BOX NG-017.bmp,100.0,37.0787,110.0,96.7509
20200703100608,PP BOX NG-018.bmp,100.0,50.9363,110.0,97.2555
20200703100608,PP BOX OK-001.bmp,100.0,100.0,110.0,100.0
20200703100608,PP BOX NG-001.bmp,100.0,50.1873,110.0,96.5827
20200703100609,PP BOX NG-002.bmp,100.0,38.5768,110.0,96.7078
20200703100609,PP BOX NG-003.bmp,100.0,45.3184,110.0,96.7681
20200703100609,PP BOX NG-004.bmp,100.0,39.3258,110.0,95.6988
20200703100609,PP BOX NG-005.bmp,100.0,55.0562,110.0,95.9472
20200703100609,PP BOX NG-006.bmp,100.0,56.9288,110.0,96.8791
20200703100610,PP BOX NG-007.bmp,100.0,43.8202,110.0,94.8538
20200703100610,PP BOX NG-008.bmp,100.0,41.573,110.0,96.3717
20200703100610,PP BOX NG-009.bmp,100.0,35.5805,110.0,95.9558
20200703100610,PP BOX NG-010.bmp,100.0,34.4569,110.0,95.6781
20200703100611,PP BOX NG-011.bmp,100.0,41.573,110.0,95.5736
20200703100611,PP BOX NG-012.bmp,100.0,59.176,110.0,97.2041
20200703100611,PP BOX NG-013.bmp,100.0,44.9438,110.0,96.131
20200703100611,PP BOX NG-014.bmp,100.0,45.3184,110.0,96.0392
20200703100612,PP BOX NG-015.bmp,100.0,46.4419,110.0,96.9656
20200703100612,PP BOX NG-016.bmp,100.0,47.191,110.0,96.7656
20200703100612,PP BOX NG-017.bmp,100.0,37.0787,110.0,96.7509
20200703100612,PP BOX NG-018.bmp,100.0,50.9363,110.0,97.2555
20200703100612,PP BOX OK-001.bmp,100.0,100.0,110.0,100.0
20200703100613,PP BOX NG-001.bmp,100.0,50.1873,110.0,96.5827
20200703100613,PP BOX NG-002.bmp,100.0,38.5768,110.0,96.7078
20200703100613,PP BOX NG-003.bmp,100.0,45.3184,110.0,96.7681
20200703100613,PP BOX NG-004.bmp,100.0,39.3258,110.0,95.6988
20200703100614,PP BOX NG-005.bmp,100.0,55.0562,110.0,95.9472
20200703100614,PP BOX NG-006.bmp,100.0,56.9288,110.0,96.8791
20200703100614,PP BOX NG-007.bmp,100.0,43.8202,110.0,94.8538
20200703100614,PP BOX NG-008.bmp,100.0,41.573,110.0,96.3717
20200703100615,PP BOX NG-009.bmp,100.0,35.5805,110.0,95.9558
20200703100615,PP BOX NG-010.bmp,100.0,34.4569,110.0,95.6781
20200703100615,PP BOX NG-011.bmp,100.0,41.573,110.0,95.5736
20200703100615,PP BOX NG-012.bmp,100.0,59.176,110.0,97.2041
20200703100616,PP BOX NG-013.bmp,100.0,44.9438,110.0,96.131
20200703100616,PP BOX NG-014.bmp,100.0,45.3184,110.0,96.0392
20200703100616,PP BOX NG-015.bmp,100.0,46.4419,110.0,96.9656
20200703100616,PP BOX NG-016.bmp,100.0,47.191,110.0,96.7656
20200703100617,PP BOX NG-017.bmp,100.0,37.0787,110.0,96.7509
20200703100617,PP BOX NG-018.bmp,100.0,50.9363,110.0,97.2555
20200703100617,PP BOX OK-001.bmp,100.0,100.0,110.0,100.0
20200703100617,PP BOX NG-001.bmp,100.0,50.1873,110.0,96.5827
20200703100618,PP BOX NG-002.bmp,100.0,38.5768,110.0,96.7078
20200703100618,PP BOX NG-003.bmp,100.0,45.3184,110.0,96.7681
20200703100618,PP BOX NG-004.bmp,100.0,39.3258,110.0,95.6988
20200703100618,PP BOX NG-005.bmp,100.0,55.0562,110.0,95.9472
20200703100619,PP BOX NG-006.bmp,100.0,56.9288,110.0,96.8791
20200703100619,PP BOX NG-007.bmp,100.0,43.8202,110.0,94.8538
20200703100619,PP BOX NG-008.bmp,100.0,41.573,110.0,96.3717
20200703100619,PP BOX NG-009.bmp,100.0,35.5805,110.0,95.9558
20200703100620,PP BOX NG-010.bmp,100.0,34.4569,110.0,95.6781
20200703100620,PP BOX NG-011.bmp,100.0,41.573,110.0,95.5736
20200703100620,PP BOX NG-012.bmp,100.0,59.176,110.0,97.2041
20200703100620,PP BOX NG-013.bmp,100.0,44.9438,110.0,96.131
20200703100621,PP BOX NG-014.bmp,100.0,45.3184,110.0,96.0392
20200703100621,PP BOX NG-015.bmp,100.0,46.4419,110.0,96.9656
20200703100621,PP BOX NG-016.bmp,100.0,47.191,110.0,96.7656
20200703100621,PP BOX NG-017.bmp,100.0,37.0787,110.0,96.7509
20200703100622,PP BOX NG-018.bmp,100.0,50.9363,110.0,97.2555
20200703100622,PP BOX OK-001.bmp,100.0,100.0,110.0,100.0
20200703100622,PP BOX NG-001.bmp,100.0,50.1873,110.0,96.5827
20200703100622,PP BOX NG-002.bmp,100.0,38.5768,110.0,96.7078
20200703100623,PP BOX NG-003.bmp,100.0,45.3184,110.0,96.7681
20200703100623,PP BOX NG-004.bmp,100.0,39.3258,110.0,95.6988
20200703100623,PP BOX NG-005.bmp,100.0,55.0562,110.0,95.9472
20200703100624,PP BOX NG-006.bmp,100.0,56.9288,110.0,96.8791
20200703100624,PP BOX NG-007.bmp,100.0,43.8202,110.0,94.8538
20200703100624,PP BOX NG-008.bmp,100.0,41.573,110.0,96.3717
20200703100624,PP BOX NG-009.bmp,100.0,35.5805,110.0,95.9558
20200703100625,PP BOX NG-010.bmp,100.0,34.4569,110.0,95.6781
20200703100625,PP BOX NG-011.bmp,100.0,41.573,110.0,95.5736
20200703100625,PP BOX NG-012.bmp,100.0,59.176,110.0,97.2041
20200703100625,PP BOX NG-013.bmp,100.0,44.9438,110.0,96.131
20200703100626,PP BOX NG-014.bmp,100.0,45.3184,110.0,96.0392
20200703100626,PP BOX NG-015.bmp,100.0,46.4419,110.0,96.9656
20200703100626,PP BOX NG-016.bmp,100.0,47.191,110.0,96.7656
20200703100626,PP BOX NG-017.bmp,100.0,37.0787,110.0,96.7509
20200703100627,PP BOX NG-018.bmp,100.0,50.9363,110.0,97.2555
20200703100627,PP BOX OK-001.bmp,100.0,100.0,110.0,100.0
20200703100627,PP BOX NG-001.bmp,100.0,50.1873,110.0,96.5827
20200703100627,PP BOX NG-002.bmp,100.0,38.5768,110.0,96.7078
20200703100628,PP BOX NG-003.bmp,100.0,45.3184,110.0,96.7681
20200703100628,PP BOX NG-004.bmp,100.0,39.3258,110.0,95.6988
20200703100628,PP BOX NG-005.bmp,100.0,55.0562,110.0,95.9472
20200703100629,PP BOX NG-006.bmp,100.0,56.9288,110.0,96.8791
20200703100629,PP BOX NG-007.bmp,100.0,43.8202,110.0,94.8538
20200703100629,PP BOX NG-008.bmp,100.0,41.573,110.0,96.3717
20200703100629,PP BOX NG-009.bmp,100.0,35.5805,110.0,95.9558
20200703100630,PP BOX NG-010.bmp,100.0,34.4569,110.0,95.6781
20200703100630,PP BOX NG-011.bmp,100.0,41.573,110.0,95.5736
20200703100630,PP BOX NG-012.bmp,100.0,59.176,110.0,97.2041
20200703100630,PP BOX NG-013.bmp,100.0,44.9438,110.0,96.131
20200703100631,PP BOX NG-014.bmp,100.0,45.3184,110.0,96.0392
20200703100631,PP BOX NG-015.bmp,100.0,46.4419,110.0,96.9656
20200703100631,PP BOX NG-016.bmp,100.0,47.191,110.0,96.7656
20200703100631,PP BOX NG-017.bmp,100.0,37.0787,110.0,96.7509
20200703100632,PP BOX NG-018.bmp,100.0,50.9363,110.0,97.2555
20200703100632,PP BOX OK-001.bmp,100.0,100.0,110.0,100.0
20200703100632,PP BOX NG-001.bmp,100.0,50.1873,110.0,96.5827
20200703100632,PP BOX NG-002.bmp,100.0,38.5768,110.0,96.7078
20200703100633,PP BOX NG-003.bmp,100.0,45.3184,110.0,96.7681
20200703100633,PP BOX NG-004.bmp,100.0,39.3258,110.0,95.6988
20200703100633,PP BOX NG-005.bmp,100.0,55.0562,110.0,95.9472
20200703100633,PP BOX NG-006.bmp,100.0,56.9288,110.0,96.8791
20200703100634,PP BOX NG-007.bmp,100.0,43.8202,110.0,94.8538
20200703100634,PP BOX NG-008.bmp,100.0,41.573,110.0,96.3717
20200703100634,PP BOX NG-009.bmp,100.0,35.5805,110.0,95.9558
20200703100635,PP BOX NG-010.bmp,100.0,34.4569,110.0,95.6781
20200703100635,PP BOX NG-011.bmp,100.0,41.573,110.0,95.5736
20200703100635,PP BOX NG-012.bmp,100.0,59.176,110.0,97.2041
20200703100635,PP BOX NG-013.bmp,100.0,44.9438,110.0,96.131
20200703100636,PP BOX NG-001.bmp,100.0,50.1873,110.0,96.5827
20200703100636,PP BOX NG-001.bmp,100.0,50.1873,110.0,96.5827
20200703100636,PP BOX NG-001.bmp,100.0,50.1873,110.0,96.5827
20200703100636,PP BOX NG-001.bmp,100.0,50.1873,110.0,96.5827
20200703100637,PP BOX NG-001.bmp,100.0,50.1873,110.0,96.5827
20200703100637,PP BOX NG-001.bmp,100.0,50.1873,110.0,96.5827
20200703100637,PP BOX NG-001.bmp,100.0,50.1873,110.0,96.5827
20200703100638,PP BOX NG-001.bmp,100.0,50.1873,110.0,96.5827
20200703100638,PP BOX NG-001.bmp,100.0,50.1873,110.0,96.5827
20200703100638,PP BOX NG-001.bmp,100.0,50.1873,110.0,96.5827
20200703100638,PP BOX NG-002.bmp,100.0,38.5768,110.0,96.7078
20200703100639,PP BOX NG-003.bmp,100.0,45.3184,110.0,96.7681
20200703100639,PP BOX NG-004.bmp,100.0,39.3258,110.0,95.6988
20200703101236,PP BOX NG-001.bmp,100.0,50.1873,110.0,96.5827
20200703101237,PP BOX NG-002.bmp,100.0,38.5768,110.0,96.7078
20200703101238,PP BOX NG-003.bmp,100.0,45.3184,110.0,96.7681
20200703101238,PP BOX NG-004.bmp,100.0,39.3258,110.0,95.6988
20200703101239,PP BOX NG-005.bmp,100.0,55.0562,110.0,95.9472
20200703101240,PP BOX NG-006.bmp,100.0,56.9288,110.0,96.8791
20200703101241,PP BOX NG-007.bmp,100.0,43.8202,110.0,94.8538
20200703101241,PP BOX NG-008.bmp,100.0,41.573,110.0,96.3717
20200703101242,PP BOX NG-009.bmp,100.0,35.5805,110.0,95.9558
20200703101243,PP BOX NG-010.bmp,100.0,34.4569,110.0,95.6781
20200703101243,PP BOX NG-011.bmp,100.0,41.573,110.0,95.5736
20200703101244,PP BOX NG-012.bmp,100.0,59.176,110.0,97.2041
20200703101245,PP BOX NG-013.bmp,100.0,44.9438,110.0,96.131
20200703101245,PP BOX NG-014.bmp,100.0,45.3184,110.0,96.0392
20200703101246,PP BOX NG-015.bmp,100.0,46.4419,110.0,96.9656
20200703101247,PP BOX NG-016.bmp,100.0,47.191,110.0,96.7656
20200703101247,PP BOX NG-017.bmp,100.0,37.0787,110.0,96.7509
20200703101248,PP BOX NG-018.bmp,100.0,50.9363,110.0,97.2555
20200703101249,PP BOX OK-001.bmp,100.0,100.0,110.0,100.0
20200703101250,PP BOX NG-001.bmp,100.0,50.1873,110.0,96.5827
20200703101250,PP BOX NG-002.bmp,100.0,38.5768,110.0,96.7078
20200703101251,PP BOX NG-003.bmp,100.0,45.3184,110.0,96.7681
20200703101252,PP BOX NG-004.bmp,100.0,39.3258,110.0,95.6988
20200703101253,PP BOX NG-005.bmp,100.0,55.0562,110.0,95.9472
20200703101253,PP BOX NG-006.bmp,100.0,56.9288,110.0,96.8791
20200703101254,PP BOX NG-007.bmp,100.0,43.8202,110.0,94.8538
20200703101255,PP BOX NG-008.bmp,100.0,41.573,110.0,96.3717
20200703101255,PP BOX NG-009.bmp,100.0,35.5805,110.0,95.9558
20200703101256,PP BOX NG-010.bmp,100.0,34.4569,110.0,95.6781
20200703101257,PP BOX NG-011.bmp,100.0,41.573,110.0,95.5736
20200703101258,PP BOX NG-012.bmp,100.0,59.176,110.0,97.2041
20200703101258,PP BOX NG-013.bmp,100.0,44.9438,110.0,96.131
20200703101259,PP BOX NG-014.bmp,100.0,45.3184,110.0,96.0392
20200703101300,PP BOX NG-015.bmp,100.0,46.4419,110.0,96.9656
20200703101301,PP BOX NG-016.bmp,100.0,47.191,110.0,96.7656
20200703101301,PP BOX NG-017.bmp,100.0,37.0787,110.0,96.7509
20200703101302,PP BOX NG-018.bmp,100.0,50.9363,110.0,97.2555
20200703101303,PP BOX OK-001.bmp,100.0,100.0,110.0,100.0
20200703101303,PP BOX NG-001.bmp,100.0,50.1873,110.0,96.5827
20200703101304,PP BOX NG-002.bmp,100.0,38.5768,110.0,96.7078
20200703101305,PP BOX NG-003.bmp,100.0,45.3184,110.0,96.7681
20200703101306,PP BOX NG-004.bmp,100.0,39.3258,110.0,95.6988
20200703101306,PP BOX NG-005.bmp,100.0,55.0562,110.0,95.9472
20200703101307,PP BOX NG-006.bmp,100.0,56.9288,110.0,96.8791
20200703101308,PP BOX NG-007.bmp,100.0,43.8202,110.0,94.8538
20200703101308,PP BOX NG-008.bmp,100.0,41.573,110.0,96.3717
20200703101309,PP BOX NG-009.bmp,100.0,35.5805,110.0,95.9558
20200703101310,PP BOX NG-010.bmp,100.0,34.4569,110.0,95.6781
20200703101311,PP BOX NG-011.bmp,100.0,41.573,110.0,95.5736
20200703101311,PP BOX NG-012.bmp,100.0,59.176,110.0,97.2041
20200703101312,PP BOX NG-013.bmp,100.0,44.9438,110.0,96.131
20200703101313,PP BOX NG-014.bmp,100.0,45.3184,110.0,96.0392
20200703101313,PP BOX NG-015.bmp,100.0,46.4419,110.0,96.9656
20200703101314,PP BOX NG-016.bmp,100.0,47.191,110.0,96.7656
20200703101315,PP BOX NG-017.bmp,100.0,37.0787,110.0,96.7509
20200703101316,PP BOX NG-018.bmp,100.0,50.9363,110.0,97.2555
20200703101316,PP BOX OK-001.bmp,100.0,100.0,110.0,100.0
20200703101317,PP BOX NG-001.bmp,100.0,50.1873,110.0,96.5827
20200703101318,PP BOX NG-002.bmp,100.0,38.5768,110.0,96.7078
20200703101318,PP BOX NG-003.bmp,100.0,45.3184,110.0,96.7681
20200703101319,PP BOX NG-004.bmp,100.0,39.3258,110.0,95.6988
20200703101320,PP BOX NG-005.bmp,100.0,55.0562,110.0,95.9472
20200703101320,PP BOX NG-006.bmp,100.0,56.9288,110.0,96.8791
20200703101321,PP BOX NG-007.bmp,100.0,43.8202,110.0,94.8538
20200703101322,PP BOX NG-008.bmp,100.0,41.573,110.0,96.3717
20200703101322,PP BOX NG-009.bmp,100.0,35.5805,110.0,95.9558
20200703101323,PP BOX NG-010.bmp,100.0,34.4569,110.0,95.6781
20200703101324,PP BOX NG-011.bmp,100.0,41.573,110.0,95.5736
20200703101325,PP BOX NG-012.bmp,100.0,59.176,110.0,97.2041
20200703101325,PP BOX NG-013.bmp,100.0,44.9438,110.0,96.131
20200703101326,PP BOX NG-014.bmp,100.0,45.3184,110.0,96.0392
20200703101327,PP BOX NG-015.bmp,100.0,46.4419,110.0,96.9656
20200703101327,PP BOX NG-016.bmp,100.0,47.191,110.0,96.7656
20200703101328,PP BOX NG-017.bmp,100.0,37.0787,110.0,96.7509
20200703101329,PP BOX NG-018.bmp,100.0,50.9363,110.0,97.2555
20200703101329,PP BOX NG-001.bmp,100.0,50.1873,110.0,96.5827
20200703101330,PP BOX NG-001.bmp,100.0,50.1873,110.0,96.5827
20200703101331,PP BOX NG-001.bmp,100.0,50.1873,110.0,96.5827
20200703101331,PP BOX NG-001.bmp,100.0,50.1873,110.0,96.5827
20200703101332,PP BOX NG-001.bmp,100.0,50.1873,110.0,96.5827
20200703101333,PP BOX NG-001.bmp,100.0,50.1873,110.0,96.5827
20200703101333,PP BOX NG-001.bmp,100.0,50.1873,110.0,96.5827
20200703101334,PP BOX NG-001.bmp,100.0,50.1873,110.0,96.5827
20200703101335,PP BOX NG-001.bmp,100.0,50.1873,110.0,96.5827
20200703101336,PP BOX NG-001.bmp,100.0,50.1873,110.0,96.5827
20200703102216,PP BOX NG-001.bmp,100.0,47.1111,110.0,96.2867
20200703102216,PP BOX NG-002.bmp,100.0,41.3333,110.0,96.4296
20200703102217,PP BOX NG-003.bmp,100.0,44.4444,110.0,96.4627
20200703102217,PP BOX NG-004.bmp,100.0,47.5556,110.0,96.5155
20200703102218,PP BOX NG-005.bmp,100.0,56.8889,110.0,96.6269
20200703102218,PP BOX NG-006.bmp,100.0,51.5556,110.0,97.146
20200703102218,PP BOX NG-007.bmp,100.0,41.7778,110.0,94.1548
20200703102219,PP BOX NG-008.bmp,100.0,40.8889,110.0,96.6125
20200703102219,PP BOX NG-009.bmp,100.0,33.3333,110.0,94.8932
20200703102220,PP BOX NG-010.bmp,100.0,45.3333,110.0,96.1252
20200703102220,PP BOX NG-011.bmp,100.0,40.8889,110.0,96.1872
20200703102220,PP BOX NG-012.bmp,100.0,73.7778,110.0,97.5173
20200703102220,PP BOX NG-013.bmp,100.0,44.0,110.0,95.3692
20200703102221,PP BOX NG-014.bmp,100.0,41.7778,110.0,95.8714
20200703102221,PP BOX NG-015.bmp,100.0,41.3333,110.0,96.5916
20200703102222,PP BOX NG-016.bmp,100.0,42.6667,110.0,96.4484
20200703102222,PP BOX NG-017.bmp,100.0,41.7778,110.0,96.6087
20200703102223,PP BOX NG-018.bmp,100.0,57.7778,110.0,97.5563
20200703102223,PP BOX OK-001.bmp,100.0,100.0,110.0,100.0
20200703102223,PP BOX NG-001.bmp,100.0,47.1111,110.0,96.2867
20200703102224,PP BOX NG-002.bmp,100.0,41.3333,110.0,96.4296
20200703102224,PP BOX NG-003.bmp,100.0,44.4444,110.0,96.4627
20200703102225,PP BOX NG-004.bmp,100.0,47.5556,110.0,96.5155
20200703102225,PP BOX NG-005.bmp,100.0,56.8889,110.0,96.6269
20200703102226,PP BOX NG-006.bmp,100.0,51.5556,110.0,97.146
20200703102226,PP BOX NG-007.bmp,100.0,41.7778,110.0,94.1548
20200703102226,PP BOX NG-008.bmp,100.0,40.8889,110.0,96.6125
20200703102227,PP BOX NG-009.bmp,100.0,33.3333,110.0,94.8932
20200703102227,PP BOX NG-010.bmp,100.0,45.3333,110.0,96.1252
20200703102227,PP BOX NG-011.bmp,100.0,40.8889,110.0,96.1872
20200703102228,PP BOX NG-012.bmp,100.0,73.7778,110.0,97.5173
20200703102228,PP BOX NG-013.bmp,100.0,44.0,110.0,95.3692
20200703102229,PP BOX NG-014.bmp,100.0,41.7778,110.0,95.8714
20200703102229,PP BOX NG-015.bmp,100.0,41.3333,110.0,96.5916
20200703102230,PP BOX NG-016.bmp,100.0,42.6667,110.0,96.4484
20200703102230,PP BOX NG-017.bmp,100.0,41.7778,110.0,96.6087
20200703102230,PP BOX NG-018.bmp,100.0,57.7778,110.0,97.5563
20200703102231,PP BOX OK-001.bmp,100.0,100.0,110.0,100.0
20200703102231,PP BOX NG-001.bmp,100.0,47.1111,110.0,96.2867
20200703102232,PP BOX NG-002.bmp,100.0,41.3333,110.0,96.4296
20200703102232,PP BOX NG-003.bmp,100.0,44.4444,110.0,96.4627
20200703102232,PP BOX NG-004.bmp,100.0,47.5556,110.0,96.5155
20200703102233,PP BOX NG-005.bmp,100.0,56.8889,110.0,96.6269
20200703102233,PP BOX NG-006.bmp,100.0,51.5556,110.0,97.146
20200703102234,PP BOX NG-007.bmp,100.0,41.7778,110.0,94.1548
20200703102234,PP BOX NG-008.bmp,100.0,40.8889,110.0,96.6125
20200703102235,PP BOX NG-009.bmp,100.0,33.3333,110.0,94.8932
20200703102235,PP BOX NG-010.bmp,100.0,45.3333,110.0,96.1252
20200703102235,PP BOX NG-011.bmp,100.0,40.8889,110.0,96.1872
20200703102236,PP BOX NG-012.bmp,100.0,73.7778,110.0,97.5173
20200703102236,PP BOX NG-013.bmp,100.0,44.0,110.0,95.3692
20200703102237,PP BOX NG-014.bmp,100.0,41.7778,110.0,95.8714
20200703102237,PP BOX NG-015.bmp,100.0,41.3333,110.0,96.5916
20200703102237,PP BOX NG-016.bmp,100.0,42.6667,110.0,96.4484
20200703102238,PP BOX NG-017.bmp,100.0,41.7778,110.0,96.6087
20200703102238,PP BOX NG-018.bmp,100.0,57.7778,110.0,97.5563
20200703102239,PP BOX OK-001.bmp,100.0,100.0,110.0,100.0
20200703102239,PP BOX NG-001.bmp,100.0,47.1111,110.0,96.2867
20200703102239,PP BOX NG-002.bmp,100.0,41.3333,110.0,96.4296
20200703102240,PP BOX NG-003.bmp,100.0,44.4444,110.0,96.4627
20200703102240,PP BOX NG-004.bmp,100.0,47.5556,110.0,96.5155
20200703102240,PP BOX NG-005.bmp,100.0,56.8889,110.0,96.6269
20200703102241,PP BOX NG-006.bmp,100.0,51.5556,110.0,97.146
20200703102241,PP BOX NG-007.bmp,100.0,41.7778,110.0,94.1548
20200703102242,PP BOX NG-008.bmp,100.0,40.8889,110.0,96.6125
20200703102242,PP BOX NG-009.bmp,100.0,33.3333,110.0,94.8932
20200703102242,PP BOX NG-010.bmp,100.0,45.3333,110.0,96.1252
20200703102243,PP BOX NG-011.bmp,100.0,40.8889,110.0,96.1872
20200703102243,PP BOX NG-012.bmp,100.0,73.7778,110.0,97.5173
20200703102244,PP BOX NG-013.bmp,100.0,44.0,110.0,95.3692
20200703102244,PP BOX NG-014.bmp,100.0,41.7778,110.0,95.8714
20200703102244,PP BOX NG-015.bmp,100.0,41.3333,110.0,96.5916
20200703102245,PP BOX NG-016.bmp,100.0,42.6667,110.0,96.4484
20200703102245,PP BOX NG-017.bmp,100.0,41.7778,110.0,96.6087
20200703102245,PP BOX NG-018.bmp,100.0,57.7778,110.0,97.5563
20200703102246,PP BOX OK-001.bmp,100.0,100.0,110.0,100.0
20200703102246,PP BOX NG-001.bmp,100.0,47.1111,110.0,96.2867
20200703102247,PP BOX NG-002.bmp,100.0,41.3333,110.0,96.4296
20200703102247,PP BOX NG-003.bmp,100.0,44.4444,110.0,96.4627
20200703102248,PP BOX NG-004.bmp,100.0,47.5556,110.0,96.5155
20200703102248,PP BOX NG-005.bmp,100.0,56.8889,110.0,96.6269
20200703102248,PP BOX NG-006.bmp,100.0,51.5556,110.0,97.146
20200703102249,PP BOX NG-007.bmp,100.0,41.7778,110.0,94.1548
20200703102249,PP BOX NG-008.bmp,100.0,40.8889,110.0,96.6125
20200703102250,PP BOX NG-009.bmp,100.0,33.3333,110.0,94.8932
20200703102250,PP BOX NG-010.bmp,100.0,45.3333,110.0,96.1252
20200703102250,PP BOX NG-011.bmp,100.0,40.8889,110.0,96.1872
20200703102251,PP BOX NG-012.bmp,100.0,73.7778,110.0,97.5173
20200703102251,PP BOX NG-013.bmp,100.0,44.0,110.0,95.3692
20200703102251,PP BOX NG-014.bmp,100.0,41.7778,110.0,95.8714
20200703102252,PP BOX NG-015.bmp,100.0,41.3333,110.0,96.5916
20200703102252,PP BOX NG-016.bmp,100.0,42.6667,110.0,96.4484
20200703102252,PP BOX NG-017.bmp,100.0,41.7778,110.0,96.6087
20200703102253,PP BOX NG-018.bmp,100.0,57.7778,110.0,97.5563
20200703102253,PP BOX OK-001.bmp,100.0,100.0,110.0,100.0
20200703102254,PP BOX NG-001.bmp,100.0,47.1111,110.0,96.2867
20200703102254,PP BOX NG-002.bmp,100.0,41.3333,110.0,96.4296
20200703102254,PP BOX NG-003.bmp,100.0,44.4444,110.0,96.4627
20200703102255,PP BOX NG-004.bmp,100.0,47.5556,110.0,96.5155
20200703102255,PP BOX NG-005.bmp,100.0,56.8889,110.0,96.6269
20200703102256,PP BOX NG-006.bmp,100.0,51.5556,110.0,97.146
20200703102256,PP BOX NG-007.bmp,100.0,41.7778,110.0,94.1548
20200703102256,PP BOX NG-008.bmp,100.0,40.8889,110.0,96.6125
20200703102257,PP BOX NG-009.bmp,100.0,33.3333,110.0,94.8932
20200703102257,PP BOX NG-010.bmp,100.0,45.3333,110.0,96.1252
20200703102258,PP BOX NG-011.bmp,100.0,40.8889,110.0,96.1872
20200703102258,PP BOX NG-012.bmp,100.0,73.7778,110.0,97.5173
20200703102259,PP BOX NG-013.bmp,100.0,44.0,110.0,95.3692
20200703102259,PP BOX NG-014.bmp,100.0,41.7778,110.0,95.8714
20200703102259,PP BOX NG-015.bmp,100.0,41.3333,110.0,96.5916
20200703102300,PP BOX NG-016.bmp,100.0,42.6667,110.0,96.4484
20200703102300,PP BOX NG-017.bmp,100.0,41.7778,110.0,96.6087
20200703102300,PP BOX NG-018.bmp,100.0,57.7778,110.0,97.5563
20200703102301,PP BOX OK-001.bmp,100.0,100.0,110.0,100.0
20200703102301,PP BOX NG-001.bmp,100.0,47.1111,110.0,96.2867
20200703102302,PP BOX NG-002.bmp,100.0,41.3333,110.0,96.4296
20200703102302,PP BOX NG-003.bmp,100.0,44.4444,110.0,96.4627
20200703102303,PP BOX NG-004.bmp,100.0,47.5556,110.0,96.5155
20200703102303,PP BOX NG-005.bmp,100.0,56.8889,110.0,96.6269
20200703102303,PP BOX NG-006.bmp,100.0,51.5556,110.0,97.146
20200703102304,PP BOX NG-007.bmp,100.0,41.7778,110.0,94.1548
20200703102304,PP BOX NG-008.bmp,100.0,40.8889,110.0,96.6125
20200703102305,PP BOX NG-009.bmp,100.0,33.3333,110.0,94.8932
20200703102305,PP BOX NG-010.bmp,100.0,45.3333,110.0,96.1252
20200703102305,PP BOX NG-011.bmp,100.0,40.8889,110.0,96.1872
20200703102306,PP BOX NG-012.bmp,100.0,73.7778,110.0,97.5173
20200703102306,PP BOX NG-013.bmp,100.0,44.0,110.0,95.3692
20200703102307,PP BOX NG-014.bmp,100.0,41.7778,110.0,95.8714
20200703102307,PP BOX NG-015.bmp,100.0,41.3333,110.0,96.5916
20200703102307,PP BOX NG-016.bmp,100.0,42.6667,110.0,96.4484
20200703102308,PP BOX NG-017.bmp,100.0,41.7778,110.0,96.6087
20200703102308,PP BOX NG-018.bmp,100.0,57.7778,110.0,97.5563
20200703102309,PP BOX OK-001.bmp,100.0,100.0,110.0,100.0
20200703102309,PP BOX NG-001.bmp,100.0,47.1111,110.0,96.2867
20200703102309,PP BOX NG-002.bmp,100.0,41.3333,110.0,96.4296
20200703102310,PP BOX NG-003.bmp,100.0,44.4444,110.0,96.4627
20200703102310,PP BOX NG-004.bmp,100.0,47.5556,110.0,96.5155
20200703102311,PP BOX NG-005.bmp,100.0,56.8889,110.0,96.6269
20200703102311,PP BOX NG-006.bmp,100.0,51.5556,110.0,97.146
20200703102312,PP BOX NG-007.bmp,100.0,41.7778,110.0,94.1548
20200703102312,PP BOX NG-008.bmp,100.0,40.8889,110.0,96.6125
20200703102312,PP BOX NG-009.bmp,100.0,33.3333,110.0,94.8932
20200703102313,PP BOX NG-010.bmp,100.0,45.3333,110.0,96.1252
20200703102313,PP BOX NG-011.bmp,100.0,40.8889,110.0,96.1872
20200703102314,PP BOX NG-012.bmp,100.0,73.7778,110.0,97.5173
20200703102314,PP BOX NG-013.bmp,100.0,44.0,110.0,95.3692
20200703102314,PP BOX NG-014.bmp,100.0,41.7778,110.0,95.8714
20200703102315,PP BOX NG-015.bmp,100.0,41.3333,110.0,96.5916
20200703102315,PP BOX NG-016.bmp,100.0,42.6667,110.0,96.4484
20200703102316,PP BOX NG-017.bmp,100.0,41.7778,110.0,96.6087
20200703102316,PP BOX NG-018.bmp,100.0,57.7778,110.0,97.5563
20200703102316,PP BOX OK-001.bmp,100.0,100.0,110.0,100.0
20200703102317,PP BOX NG-001.bmp,100.0,47.1111,110.0,96.2867
20200703102317,PP BOX NG-002.bmp,100.0,41.3333,110.0,96.4296
20200703102318,PP BOX NG-003.bmp,100.0,44.4444,110.0,96.4627
20200703102318,PP BOX NG-004.bmp,100.0,47.5556,110.0,96.5155
20200703102319,PP BOX NG-005.bmp,100.0,56.8889,110.0,96.6269
20200703102319,PP BOX NG-006.bmp,100.0,51.5556,110.0,97.146
20200703102319,PP BOX NG-007.bmp,100.0,41.7778,110.0,94.1548
20200703102320,PP BOX NG-008.bmp,100.0,40.8889,110.0,96.6125
20200703102320,PP BOX NG-009.bmp,100.0,33.3333,110.0,94.8932
20200703102320,PP BOX NG-010.bmp,100.0,45.3333,110.0,96.1252
20200703102321,PP BOX NG-011.bmp,100.0,40.8889,110.0,96.1872
20200703102321,PP BOX NG-012.bmp,100.0,73.7778,110.0,97.5173
20200703102322,PP BOX NG-013.bmp,100.0,44.0,110.0,95.3692
20200703102322,PP BOX NG-014.bmp,100.0,41.7778,110.0,95.8714
20200703102322,PP BOX NG-015.bmp,100.0,41.3333,110.0,96.5916
20200703102323,PP BOX NG-016.bmp,100.0,42.6667,110.0,96.4484
20200703102323,PP BOX NG-017.bmp,100.0,41.7778,110.0,96.6087
20200703102324,PP BOX NG-018.bmp,100.0,57.7778,110.0,97.5563
20200703102324,PP BOX OK-001.bmp,100.0,100.0,110.0,100.0
20200703102324,PP BOX NG-001.bmp,100.0,47.1111,110.0,96.2867
20200703102325,PP BOX NG-002.bmp,100.0,41.3333,110.0,96.4296
20200703102325,PP BOX NG-003.bmp,100.0,44.4444,110.0,96.4627
20200703102325,PP BOX NG-004.bmp,100.0,47.5556,110.0,96.5155
20200703102326,PP BOX NG-005.bmp,100.0,56.8889,110.0,96.6269
20200703102326,PP BOX NG-006.bmp,100.0,51.5556,110.0,97.146
20200703102326,PP BOX NG-007.bmp,100.0,41.7778,110.0,94.1548
20200703102327,PP BOX NG-008.bmp,100.0,40.8889,110.0,96.6125
20200703102327,PP BOX NG-009.bmp,100.0,33.3333,110.0,94.8932
20200703102328,PP BOX NG-010.bmp,100.0,45.3333,110.0,96.1252
20200703102328,PP BOX NG-011.bmp,100.0,40.8889,110.0,96.1872
20200703102328,PP BOX NG-012.bmp,100.0,73.7778,110.0,97.5173
20200703102329,PP BOX NG-013.bmp,100.0,44.0,110.0,95.3692
20200703102329,PP BOX NG-014.bmp,100.0,41.7778,110.0,95.8714
20200716093426,PP BOX NG-001.bmp,100.0,47.1111,110.0,96.2867
20200716093426,PP BOX NG-002.bmp,100.0,41.3333,110.0,96.4296
20200716093427,PP BOX NG-003.bmp,100.0,44.4444,110.0,96.4627
20200716093427,PP BOX NG-004.bmp,100.0,47.5556,110.0,96.5155
20200716093427,PP BOX NG-005.bmp,100.0,56.8889,110.0,96.6269
20200716093428,PP BOX NG-006.bmp,100.0,51.5556,110.0,97.146
20200716093428,PP BOX NG-007.bmp,100.0,41.7778,110.0,94.1548
20200716093429,PP BOX NG-008.bmp,100.0,40.8889,110.0,96.6125
20200716093429,PP BOX NG-009.bmp,100.0,33.3333,110.0,94.8932
20200716093429,PP BOX NG-010.bmp,100.0,45.3333,110.0,96.1252
20200716093430,PP BOX NG-011.bmp,100.0,40.8889,110.0,96.1872
20200716093430,PP BOX NG-012.bmp,100.0,73.7778,110.0,97.5173
20200716093430,PP BOX NG-013.bmp,100.0,44.0,110.0,95.3692
20200716093431,PP BOX NG-014.bmp,100.0,41.7778,110.0,95.8714
20200716093431,PP BOX NG-015.bmp,100.0,41.3333,110.0,96.5916
20200716093432,PP BOX NG-016.bmp,100.0,42.6667,110.0,96.4484
20200716093432,PP BOX NG-017.bmp,100.0,41.7778,110.0,96.6087
20200716093432,PP BOX NG-018.bmp,100.0,57.7778,110.0,97.5563
20200716093433,PP BOX OK-001.bmp,100.0,100.0,110.0,100.0
20200716093433,PP BOX NG-001.bmp,100.0,47.1111,110.0,96.2867
20200716093433,PP BOX NG-002.bmp,100.0,41.3333,110.0,96.4296
20200716093434,PP BOX NG-003.bmp,100.0,44.4444,110.0,96.4627
20200716093434,PP BOX NG-004.bmp,100.0,47.5556,110.0,96.5155
20200716093434,PP BOX NG-005.bmp,100.0,56.8889,110.0,96.6269
20200716093435,PP BOX NG-006.bmp,100.0,51.5556,110.0,97.146
20200716093435,PP BOX NG-007.bmp,100.0,41.7778,110.0,94.1548
20200716093436,PP BOX NG-008.bmp,100.0,40.8889,110.0,96.6125
20200716093436,PP BOX NG-009.bmp,100.0,33.3333,110.0,94.8932
20200716093437,PP BOX NG-010.bmp,100.0,45.3333,110.0,96.1252
20200716093437,PP BOX NG-011.bmp,100.0,40.8889,110.0,96.1872
20200716093437,PP BOX NG-012.bmp,100.0,73.7778,110.0,97.5173
20200716093438,PP BOX NG-013.bmp,100.0,44.0,110.0,95.3692
20200716093438,PP BOX NG-014.bmp,100.0,41.7778,110.0,95.8714
20200716093439,PP BOX NG-001.bmp,100.0,47.1111,110.0,96.2867
20200716093439,PP BOX NG-001.bmp,100.0,47.1111,110.0,96.2867
20200716093439,PP BOX NG-001.bmp,100.0,47.1111,110.0,96.2867
20200716093440,PP BOX NG-001.bmp,100.0,47.1111,110.0,96.2867
20200716093440,PP BOX NG-001.bmp,100.0,47.1111,110.0,96.2867
20200716093441,PP BOX NG-001.bmp,100.0,47.1111,110.0,96.2867
20200716093441,PP BOX NG-001.bmp,100.0,47.1111,110.0,96.2867
20200716093441,PP BOX NG-001.bmp,100.0,47.1111,110.0,96.2867
20200716093442,PP BOX NG-001.bmp,100.0,47.1111,110.0,96.2867
20200716093442,PP BOX NG-001.bmp,100.0,47.1111,110.0,96.2867
20200716093443,PP BOX NG-001.bmp,100.0,47.1111,110.0,96.2867
20200716093443,PP BOX NG-001.bmp,100.0,47.1111,110.0,96.2867
20200716093443,PP BOX NG-002.bmp,100.0,41.3333,110.0,96.4296
20200716093444,PP BOX NG-001.bmp,100.0,47.1111,110.0,96.2867
20200716093444,PP BOX NG-002.bmp,100.0,41.3333,110.0,96.4296
20200716093444,PP BOX NG-001.bmp,100.0,47.1111,110.0,96.2867
20200716093445,PP BOX NG-001.bmp,100.0,47.1111,110.0,96.2867
20200716093445,PP BOX NG-001.bmp,100.0,47.1111,110.0,96.2867
20200716093446,PP BOX NG-001.bmp,100.0,47.1111,110.0,96.2867
20200716093446,PP BOX NG-001.bmp,100.0,47.1111,110.0,96.2867
20200716093447,PP BOX NG-001.bmp,100.0,47.1111,110.0,96.2867
20200716093447,PP BOX NG-002.bmp,100.0,41.3333,110.0,96.4296
20200716093448,PP BOX NG-003.bmp,100.0,44.4444,110.0,96.4627
20200716093448,PP BOX NG-004.bmp,100.0,47.5556,110.0,96.5155
20200716093448,PP BOX NG-005.bmp,100.0,56.8889,110.0,96.6269
20200716093449,PP BOX NG-006.bmp,100.0,51.5556,110.0,97.146
20200721103015,PP BOX NG-001.bmp,100.0,47.1111,110.0,96.2867
20200721103018,PP BOX NG-002.bmp,100.0,41.3333,110.0,96.4296
20200721103053,PP BOX NG-003.bmp,100.0,44.4444,110.0,96.4627
20200721103958,PP BOX NG-001.bmp,100.0,47.1111,110.0,96.2867
20200721103958,PP BOX NG-002.bmp,100.0,41.3333,110.0,96.4296
20200721103959,PP BOX NG-003.bmp,100.0,44.4444,110.0,96.4627
20200721103959,PP BOX NG-004.bmp,100.0,47.5556,110.0,96.5155
20200721104000,PP BOX NG-005.bmp,100.0,56.8889,110.0,96.6269
20200721104000,PP BOX NG-006.bmp,100.0,51.5556,110.0,97.146
20200721104001,PP BOX NG-007.bmp,100.0,41.7778,110.0,94.1548
20200721104001,PP BOX NG-008.bmp,100.0,40.8889,110.0,96.6125
20200721104002,PP BOX NG-009.bmp,100.0,33.3333,110.0,94.8932
20200721104002,PP BOX NG-010.bmp,100.0,45.3333,110.0,96.1252
20200721104003,PP BOX NG-011.bmp,100.0,40.8889,110.0,96.1872
20200721104003,PP BOX NG-012.bmp,100.0,73.7778,110.0,97.5173
20200721104004,PP BOX NG-013.bmp,100.0,44.0,110.0,95.3692
20200721104004,PP BOX NG-014.bmp,100.0,41.7778,110.0,95.8714
20200721104005,PP BOX NG-015.bmp,100.0,41.3333,110.0,96.5916
20200721104005,PP BOX NG-016.bmp,100.0,42.6667,110.0,96.4484
20200721104006,PP BOX NG-017.bmp,100.0,41.7778,110.0,96.6087
20200721104006,PP BOX NG-018.bmp,100.0,57.7778,110.0,97.5563
20200721104007,PP BOX OK-001.bmp,100.0,100.0,110.0,100.0
20200721104007,PP BOX NG-001.bmp,100.0,47.1111,110.0,96.2867
20200721104008,PP BOX NG-002.bmp,100.0,41.3333,110.0,96.4296
20200721104008,PP BOX NG-003.bmp,100.0,44.4444,110.0,96.4627
20200721104009,PP BOX NG-004.bmp,100.0,47.5556,110.0,96.5155
20200721104009,PP BOX NG-005.bmp,100.0,56.8889,110.0,96.6269
20200721104010,PP BOX NG-006.bmp,100.0,51.5556,110.0,97.146
20200721104010,PP BOX NG-007.bmp,100.0,41.7778,110.0,94.1548
20200721104011,PP BOX NG-008.bmp,100.0,40.8889,110.0,96.6125
20200721104011,PP BOX NG-009.bmp,100.0,33.3333,110.0,94.8932
20200721104011,PP BOX NG-001.bmp,100.0,47.1111,110.0,96.2867
20200721104012,PP BOX NG-001.bmp,100.0,47.1111,110.0,96.2867
20200721104012,PP BOX NG-001.bmp,100.0,47.1111,110.0,96.2867
20200721104013,PP BOX NG-001.bmp,100.0,47.1111,110.0,96.2867
20200721104013,PP BOX NG-001.bmp,100.0,47.1111,110.0,96.2867
20200721104014,PP BOX NG-001.bmp,100.0,47.1111,110.0,96.2867
20200721104014,PP BOX NG-001.bmp,100.0,47.1111,110.0,96.2867
20200721104015,PP BOX NG-001.bmp,100.0,47.1111,110.0,96.2867
20200721104015,PP BOX NG-001.bmp,100.0,47.1111,110.0,96.2867
20200721104016,PP BOX NG-001.bmp,100.0,47.1111,110.0,96.2867
20200721104016,PP BOX NG-001.bmp,100.0,47.1111,110.0,96.2867
20200721104017,PP BOX NG-001.bmp,100.0,47.1111,110.0,96.2867
20200721104017,PP BOX NG-001.bmp,100.0,47.1111,110.0,96.2867
20200721104017,PP BOX NG-001.bmp,100.0,47.1111,110.0,96.2867
20200721104018,PP BOX NG-001.bmp,100.0,47.1111,110.0,96.2867
20200721104018,PP BOX NG-001.bmp,100.0,47.1111,110.0,96.2867
20200721104018,PP BOX NG-001.bmp,100.0,47.1111,110.0,96.2867
20200721104019,PP BOX NG-001.bmp,100.0,47.1111,110.0,96.2867
20200721104019,PP BOX NG-001.bmp,100.0,47.1111,110.0,96.2867
20200721104020,PP BOX NG-001.bmp,100.0,47.1111,110.0,96.2867
20200721104020,PP BOX NG-001.bmp,100.0,47.1111,110.0,96.2867
20200721104021,PP BOX NG-001.bmp,100.0,47.1111,110.0,96.2867
20200721104021,PP BOX NG-001.bmp,100.0,47.1111,110.0,96.2867
20200721104021,PP BOX NG-001.bmp,100.0,47.1111,110.0,96.2867
20200721104022,PP BOX NG-001.bmp,100.0,47.1111,110.0,96.2867
20200721104022,PP BOX NG-001.bmp,100.0,47.1111,110.0,96.2867
20200721104022,PP BOX NG-001.bmp,100.0,47.1111,110.0,96.2867
20200721104023,PP BOX NG-001.bmp,100.0,47.1111,110.0,96.2867
20200721104023,PP BOX NG-001.bmp,100.0,47.1111,110.0,96.2867
20200721104024,PP BOX NG-001.bmp,100.0,47.1111,110.0,96.2867
20200721104024,PP BOX NG-002.bmp,100.0,41.3333,110.0,96.4296
20200721104025,PP BOX NG-003.bmp,100.0,44.4444,110.0,96.4627
20200721104025,PP BOX NG-001.bmp,100.0,47.1111,110.0,96.2867
20200721104025,PP BOX NG-002.bmp,100.0,41.3333,110.0,96.4296
20200721104026,PP BOX NG-003.bmp,100.0,44.4444,110.0,96.4627
20200721104026,PP BOX NG-004.bmp,100.0,47.5556,110.0,96.5155
20200721104027,PP BOX NG-005.bmp,100.0,56.8889,110.0,96.6269
20200721104027,PP BOX NG-006.bmp,100.0,51.5556,110.0,97.146
20200721104028,PP BOX NG-007.bmp,100.0,41.7778,110.0,94.1548
20200721104028,PP BOX NG-008.bmp,100.0,40.8889,110.0,96.6125
20200721104028,PP BOX NG-009.bmp,100.0,33.3333,110.0,94.8932
